CREATE DATABASE  IF NOT EXISTS `gamification` /*!40100 DEFAULT CHARACTER SET utf8 */;
USE `gamification`;
-- MySQL dump 10.13  Distrib 5.7.17, for macos10.12 (x86_64)
--
-- Host: 10.0.0.17    Database: gamification
-- ------------------------------------------------------
-- Server version	5.7.19-0ubuntu0.16.04.1

/*!40101 SET @OLD_CHARACTER_SET_CLIENT=@@CHARACTER_SET_CLIENT */;
/*!40101 SET @OLD_CHARACTER_SET_RESULTS=@@CHARACTER_SET_RESULTS */;
/*!40101 SET @OLD_COLLATION_CONNECTION=@@COLLATION_CONNECTION */;
/*!40101 SET NAMES utf8 */;
/*!40103 SET @OLD_TIME_ZONE=@@TIME_ZONE */;
/*!40103 SET TIME_ZONE='+00:00' */;
/*!40014 SET @OLD_UNIQUE_CHECKS=@@UNIQUE_CHECKS, UNIQUE_CHECKS=0 */;
/*!40014 SET @OLD_FOREIGN_KEY_CHECKS=@@FOREIGN_KEY_CHECKS, FOREIGN_KEY_CHECKS=0 */;
/*!40101 SET @OLD_SQL_MODE=@@SQL_MODE, SQL_MODE='NO_AUTO_VALUE_ON_ZERO' */;
/*!40111 SET @OLD_SQL_NOTES=@@SQL_NOTES, SQL_NOTES=0 */;

--
-- Temporary view structure for view `gmf_cfd_view`
--

DROP TABLE IF EXISTS `gmf_cfd_view`;
/*!50001 DROP VIEW IF EXISTS `gmf_cfd_view`*/;
SET @saved_cs_client     = @@character_set_client;
SET character_set_client = utf8;
/*!50001 CREATE VIEW `gmf_cfd_view` AS SELECT 
 1 AS `ID`,
 1 AS `CFD_ID`,
 1 AS `CFD_NM`,
 1 AS `PROC_TP_NM`,
 1 AS `PERIOD`,
 1 AS `ST_DT`,
 1 AS `END_DT`*/;
SET character_set_client = @saved_cs_client;

--
-- Table structure for table `gmf_cumlt_freq_distr`
--

DROP TABLE IF EXISTS `gmf_cumlt_freq_distr`;
/*!40101 SET @saved_cs_client     = @@character_set_client */;
/*!40101 SET character_set_client = utf8 */;
CREATE TABLE `gmf_cumlt_freq_distr` (
  `id` int(11) NOT NULL AUTO_INCREMENT,
  `CFD_ID` int(5) DEFAULT NULL,
  `PROC_TP_NM` varchar(5) DEFAULT NULL,
  `SEQ_NO` int(5) DEFAULT NULL,
  `CFD_NM` varchar(2) DEFAULT NULL,
  `LOWR_BND_NO` decimal(2,1) DEFAULT NULL,
  `UPPR_BND_NO` decimal(2,1) DEFAULT NULL,
  `FREQ_NO` int(3) DEFAULT NULL,
  `CUMLT_NO` int(3) DEFAULT NULL,
  `PCT_NO` decimal(3,1) DEFAULT NULL,
  `LVL_NO` int(2) DEFAULT NULL,
  `ST_DT` datetime DEFAULT NULL,
  `END_DT` datetime DEFAULT NULL,
  `createdAt` datetime NOT NULL DEFAULT CURRENT_TIMESTAMP,
  `updatedAt` datetime NOT NULL DEFAULT CURRENT_TIMESTAMP,
  PRIMARY KEY (`id`)
) ENGINE=InnoDB AUTO_INCREMENT=840 DEFAULT CHARSET=latin1;
/*!40101 SET character_set_client = @saved_cs_client */;

--
-- Dumping data for table `gmf_cumlt_freq_distr`
--

LOCK TABLES `gmf_cumlt_freq_distr` WRITE;
/*!40000 ALTER TABLE `gmf_cumlt_freq_distr` DISABLE KEYS */;
INSERT INTO `gmf_cumlt_freq_distr` VALUES (810,1,'A',1,'GA',1.0,1.5,2,2,4.9,1,'2017-07-31 17:00:00','2017-08-30 17:00:00','2017-10-23 06:21:45','2017-10-23 06:21:45'),(811,1,'A',2,'GA',1.5,2.0,2,4,9.8,1,'2017-07-31 17:00:00','2017-08-30 17:00:00','2017-10-23 06:21:45','2017-10-23 06:21:45'),(812,1,'A',3,'GA',2.0,2.5,0,4,9.8,1,'2017-07-31 17:00:00','2017-08-30 17:00:00','2017-10-23 06:21:45','2017-10-23 06:21:45'),(813,1,'A',4,'GA',2.5,3.0,3,7,17.1,2,'2017-07-31 17:00:00','2017-08-30 17:00:00','2017-10-23 06:21:45','2017-10-23 06:21:45'),(814,1,'A',5,'GA',3.0,3.5,5,12,29.3,3,'2017-07-31 17:00:00','2017-08-30 17:00:00','2017-10-23 06:21:45','2017-10-23 06:21:45'),(815,1,'A',6,'GA',3.5,4.0,3,15,36.6,4,'2017-07-31 17:00:00','2017-08-30 17:00:00','2017-10-23 06:21:45','2017-10-23 06:21:45'),(816,1,'A',7,'GA',4.0,4.5,6,21,51.2,6,'2017-07-31 17:00:00','2017-08-30 17:00:00','2017-10-23 06:21:45','2017-10-23 06:21:45'),(817,1,'A',8,'GA',4.5,5.0,0,21,51.2,6,'2017-07-31 17:00:00','2017-08-30 17:00:00','2017-10-23 06:21:45','2017-10-23 06:21:45'),(818,1,'A',9,'GA',5.0,5.5,4,25,61.0,7,'2017-07-31 17:00:00','2017-08-30 17:00:00','2017-10-23 06:21:45','2017-10-23 06:21:45'),(819,1,'A',10,'GA',5.5,6.0,5,30,73.2,8,'2017-07-31 17:00:00','2017-08-30 17:00:00','2017-10-23 06:21:45','2017-10-23 06:21:45'),(820,1,'A',11,'GA',6.0,6.5,3,33,80.5,9,'2017-07-31 17:00:00','2017-08-30 17:00:00','2017-10-23 06:21:45','2017-10-23 06:21:45'),(821,1,'A',12,'GA',6.5,7.0,4,37,90.2,10,'2017-07-31 17:00:00','2017-08-30 17:00:00','2017-10-23 06:21:45','2017-10-23 06:21:45'),(822,1,'A',13,'GA',7.0,7.5,0,37,90.2,10,'2017-07-31 17:00:00','2017-08-30 17:00:00','2017-10-23 06:21:45','2017-10-23 06:21:45'),(823,1,'A',14,'GA',7.5,8.0,3,40,97.6,10,'2017-07-31 17:00:00','2017-08-30 17:00:00','2017-10-23 06:21:45','2017-10-23 06:21:45'),(824,2,'B',1,'GB',1.0,1.5,0,0,0.0,0,'2017-07-31 17:00:00','2017-08-30 17:00:00','2017-10-23 06:21:45','2017-10-23 06:21:45'),(825,2,'B',2,'GB',1.5,2.0,3,3,20.0,2,'2017-07-31 17:00:00','2017-08-30 17:00:00','2017-10-23 06:21:45','2017-10-23 06:21:45'),(826,2,'B',3,'GB',2.0,2.5,0,3,20.0,2,'2017-07-31 17:00:00','2017-08-30 17:00:00','2017-10-23 06:21:45','2017-10-23 06:21:45'),(827,2,'B',4,'GB',2.5,3.0,1,4,26.7,3,'2017-07-31 17:00:00','2017-08-30 17:00:00','2017-10-23 06:21:45','2017-10-23 06:21:45'),(828,2,'B',5,'GB',3.0,3.5,1,5,33.3,4,'2017-07-31 17:00:00','2017-08-30 17:00:00','2017-10-23 06:21:45','2017-10-23 06:21:45'),(829,2,'B',6,'GB',3.5,4.0,0,5,33.3,4,'2017-07-31 17:00:00','2017-08-30 17:00:00','2017-10-23 06:21:45','2017-10-23 06:21:45'),(830,2,'B',7,'GB',4.0,4.5,1,6,40.0,4,'2017-07-31 17:00:00','2017-08-30 17:00:00','2017-10-23 06:21:45','2017-10-23 06:21:45'),(831,2,'B',8,'GB',4.5,5.0,2,8,53.3,6,'2017-07-31 17:00:00','2017-08-30 17:00:00','2017-10-23 06:21:45','2017-10-23 06:21:45'),(832,2,'B',9,'GB',5.0,5.5,1,9,60.0,6,'2017-07-31 17:00:00','2017-08-30 17:00:00','2017-10-23 06:21:45','2017-10-23 06:21:45'),(833,2,'B',10,'GB',5.5,6.0,1,10,66.7,7,'2017-07-31 17:00:00','2017-08-30 17:00:00','2017-10-23 06:21:45','2017-10-23 06:21:45'),(834,2,'B',11,'GB',6.0,6.5,0,10,66.7,7,'2017-07-31 17:00:00','2017-08-30 17:00:00','2017-10-23 06:21:45','2017-10-23 06:21:45'),(835,2,'B',12,'GB',6.5,7.0,0,10,66.7,7,'2017-07-31 17:00:00','2017-08-30 17:00:00','2017-10-23 06:21:45','2017-10-23 06:21:45'),(836,2,'B',13,'GB',7.0,7.5,1,11,73.3,8,'2017-07-31 17:00:00','2017-08-30 17:00:00','2017-10-23 06:21:45','2017-10-23 06:21:45'),(837,2,'B',14,'GB',7.5,8.0,1,12,80.0,8,'2017-07-31 17:00:00','2017-08-30 17:00:00','2017-10-23 06:21:45','2017-10-23 06:21:45'),(838,2,'B',15,'GB',8.0,8.5,0,12,80.0,8,'2017-07-31 17:00:00','2017-08-30 17:00:00','2017-10-23 06:21:45','2017-10-23 06:21:45'),(839,2,'B',16,'GB',8.5,9.0,1,13,86.7,9,'2017-07-31 17:00:00','2017-08-30 17:00:00','2017-10-23 06:21:45','2017-10-23 06:21:45');
/*!40000 ALTER TABLE `gmf_cumlt_freq_distr` ENABLE KEYS */;
UNLOCK TABLES;

--
-- Table structure for table `gmf_duel`
--

DROP TABLE IF EXISTS `gmf_duel`;
/*!40101 SET @saved_cs_client     = @@character_set_client */;
/*!40101 SET character_set_client = utf8 */;
CREATE TABLE `gmf_duel` (
  `ID` int(5) NOT NULL AUTO_INCREMENT,
  `DUEL_ID` int(5) NOT NULL,
  `GAME_ID` int(5) NOT NULL,
  `PLER_1_ID` int(5) DEFAULT NULL,
  `PLER_2_ID` int(5) DEFAULT NULL,
  `PLER_3_ID` int(5) DEFAULT NULL,
  `HOLE_1_ID` int(5) DEFAULT NULL,
  `HOLE_2_ID` int(5) DEFAULT NULL,
  `HOLE_3_ID` int(5) DEFAULT NULL,
  `MTCH_TP` varchar(6) DEFAULT 'MATTYP',
  PRIMARY KEY (`ID`)
) ENGINE=InnoDB AUTO_INCREMENT=34 DEFAULT CHARSET=utf8;
/*!40101 SET character_set_client = @saved_cs_client */;

--
-- Dumping data for table `gmf_duel`
--

LOCK TABLES `gmf_duel` WRITE;
/*!40000 ALTER TABLE `gmf_duel` DISABLE KEYS */;
INSERT INTO `gmf_duel` VALUES (1,1,4,14,14,15,67,NULL,68,NULL),(2,2,4,15,16,16,68,63,NULL,NULL),(3,3,4,17,17,18,64,NULL,65,NULL),(4,4,4,18,19,19,65,66,NULL,NULL),(5,1,10,36,36,36,385,NULL,NULL,NULL),(6,2,10,36,37,38,385,384,388,NULL),(7,3,10,38,39,40,388,387,389,NULL),(8,4,10,41,41,41,392,NULL,NULL,NULL),(9,5,10,41,42,42,392,395,NULL,NULL),(10,6,10,43,43,43,398,NULL,NULL,NULL),(11,7,10,43,NULL,NULL,398,NULL,NULL,NULL),(12,1,11,45,45,46,445,NULL,446,NULL),(13,2,11,46,47,47,446,449,NULL,NULL),(14,3,11,49,50,51,448,450,451,NULL),(15,4,11,56,56,NULL,453,NULL,NULL,NULL),(16,1,12,57,57,59,475,NULL,476,NULL),(17,2,12,59,60,60,476,477,NULL,NULL),(18,3,12,63,63,64,478,NULL,474,NULL),(19,4,12,64,NULL,NULL,474,NULL,NULL,NULL),(20,1,13,65,66,67,531,532,533,NULL),(21,2,13,68,68,71,535,NULL,537,NULL),(22,4,13,70,70,73,538,NULL,540,NULL),(23,5,13,72,72,72,543,NULL,NULL,NULL),(24,6,13,72,NULL,NULL,543,NULL,NULL,NULL),(25,1,14,75,75,76,566,NULL,567,NULL),(26,2,14,76,80,80,567,564,NULL,NULL),(27,4,14,78,78,81,568,NULL,565,NULL),(28,5,14,81,NULL,NULL,565,NULL,NULL,NULL),(29,5,15,82,83,84,629,630,631,NULL),(30,1,15,85,85,87,634,NULL,633,NULL),(31,2,15,88,89,89,635,638,NULL,NULL),(32,3,15,91,94,95,637,639,643,NULL),(33,4,15,95,95,95,643,NULL,NULL,NULL);
/*!40000 ALTER TABLE `gmf_duel` ENABLE KEYS */;
UNLOCK TABLES;

--
-- Table structure for table `gmf_game`
--

DROP TABLE IF EXISTS `gmf_game`;
/*!40101 SET @saved_cs_client     = @@character_set_client */;
/*!40101 SET character_set_client = utf8 */;
CREATE TABLE `gmf_game` (
  `GAME_ID` int(11) NOT NULL AUTO_INCREMENT,
  `GAME_NM` text,
  `GAME_TP` text,
  `ST_DT` date DEFAULT NULL,
  `END_DT` date DEFAULT NULL,
  `LEAG_ID` int(11) DEFAULT NULL,
  `PLY_TP` text,
  `WINR_TP` text,
  `CFD_ID` int(11) DEFAULT NULL,
  PRIMARY KEY (`GAME_ID`)
) ENGINE=InnoDB AUTO_INCREMENT=16 DEFAULT CHARSET=utf8;
/*!40101 SET character_set_client = @saved_cs_client */;

--
-- Dumping data for table `gmf_game`
--

LOCK TABLES `gmf_game` WRITE;
/*!40000 ALTER TABLE `gmf_game` DISABLE KEYS */;
INSERT INTO `gmf_game` VALUES (1,'Stoke-S-S-N','GF','2017-11-26','2017-11-30',2,'STK','S',1),(2,'Stoke-S-G-A','GF','2017-11-20','2017-11-29',2,'STK','S',1),(3,'Stoke-S-G-C','GF','2017-11-21','2017-11-30',2,'STK','S',1),(4,'TH-S-T-G-A','GF','2017-12-01','2017-12-31',3,'STK','T',1),(5,'TH-S-T-G-C',NULL,NULL,NULL,3,NULL,NULL,NULL),(6,'TH-M-T-G-A',NULL,NULL,NULL,3,NULL,NULL,NULL),(7,'TH-M-T-G-C',NULL,NULL,NULL,3,NULL,NULL,NULL),(8,'Match-S-G-A','GF','2017-11-20','2017-11-29',2,'MAT','S',1),(9,'Match-S-G-C','GF','2017-11-20','2017-11-30',2,'MAT','S',1),(10,'Stoke-T-S-N','GF','2017-11-22','2017-12-01',2,'STK','T',1),(11,'Match-T-S-N','GF','2017-11-22','2017-12-01',2,'MAT','T',1),(12,'Stoke-T-G-A','GF','2017-11-22','2017-12-01',2,'STK','T',1),(13,'Stoke-T-G-C','GF','2017-11-22','2017-12-01',2,'STK','T',1),(14,'Match-T-G-A','GF','2017-11-22','2017-12-01',2,'MAT','T',1),(15,'Match-T-G-C','GF','2017-11-22','2017-12-01',2,'MAT','T',1);
/*!40000 ALTER TABLE `gmf_game` ENABLE KEYS */;
UNLOCK TABLES;

--
-- Temporary view structure for view `gmf_game_reg_view`
--

DROP TABLE IF EXISTS `gmf_game_reg_view`;
/*!50001 DROP VIEW IF EXISTS `gmf_game_reg_view`*/;
SET @saved_cs_client     = @@character_set_client;
SET character_set_client = utf8;
/*!50001 CREATE VIEW `gmf_game_reg_view` AS SELECT 
 1 AS `ID`,
 1 AS `TEAM_NM`,
 1 AS `PLER_GRP_NM`,
 1 AS `WRKR_NM`*/;
SET character_set_client = @saved_cs_client;

--
-- Table structure for table `gmf_hole`
--

DROP TABLE IF EXISTS `gmf_hole`;
/*!40101 SET @saved_cs_client     = @@character_set_client */;
/*!40101 SET character_set_client = utf8 */;
CREATE TABLE `gmf_hole` (
  `HOLE_ID` int(11) NOT NULL AUTO_INCREMENT,
  `PLER_ID` int(11) DEFAULT NULL,
  `HOLE_TP` text,
  `HOLE_DT` datetime DEFAULT NULL,
  `WK_DY` text,
  `GRP_TP` text,
  `WRKR_1_ID` int(11) DEFAULT NULL,
  `WRKR_2_ID` int(11) DEFAULT NULL,
  `SCRE_NO` float DEFAULT NULL,
  PRIMARY KEY (`HOLE_ID`)
) ENGINE=InnoDB AUTO_INCREMENT=644 DEFAULT CHARSET=utf8;
/*!40101 SET character_set_client = @saved_cs_client */;

--
-- Dumping data for table `gmf_hole`
--

LOCK TABLES `gmf_hole` WRITE;
/*!40000 ALTER TABLE `gmf_hole` DISABLE KEYS */;
INSERT INTO `gmf_hole` VALUES (1,1,'Par3','2017-12-04 00:00:00','Mon','N',1,1,3),(2,2,'Par3','2017-12-04 00:00:00','Mon','N',2,2,3),(3,3,'Par3','2017-12-04 00:00:00','Mon','N',3,3,3),(4,4,'Par3','2017-12-04 00:00:00','Mon','N',4,4,3),(5,5,'Par3','2017-12-04 00:00:00','Mon','N',11,11,3),(6,6,'Par3','2017-12-04 00:00:00','Mon','N',12,12,2),(7,1,'Par4','2017-12-05 00:00:00','Tue','N',1,1,4),(8,2,'Par4','2017-12-05 00:00:00','Tue','N',2,2,3),(9,3,'Par4','2017-12-05 00:00:00','Tue','N',3,3,4),(10,4,'Par4','2017-12-05 00:00:00','Tue','N',4,4,3),(11,5,'Par4','2017-12-05 00:00:00','Tue','N',11,11,2),(12,6,'Par4','2017-12-05 00:00:00','Tue','N',12,12,3),(13,1,'Par3','2017-12-06 00:00:00','Wed','N',1,1,3),(14,2,'Par3','2017-12-06 00:00:00','Wed','N',2,2,2),(15,3,'Par3','2017-12-06 00:00:00','Wed','N',3,3,3),(16,4,'Par3','2017-12-06 00:00:00','Wed','N',4,4,3),(17,5,'Par3','2017-12-06 00:00:00','Wed','N',11,11,4),(18,6,'Par3','2017-12-06 00:00:00','Wed','N',12,12,3),(19,1,'Par5','2017-12-07 00:00:00','Thu','N',1,1,4),(20,2,'Par5','2017-12-07 00:00:00','Thu','N',2,2,2),(21,3,'Par5','2017-12-07 00:00:00','Thu','N',3,3,3),(22,4,'Par5','2017-12-07 00:00:00','Thu','N',4,4,3),(23,5,'Par5','2017-12-07 00:00:00','Thu','N',11,11,4),(24,6,'Par5','2017-12-07 00:00:00','Thu','N',12,12,3),(25,1,'Par5','2017-12-08 00:00:00','Fri','N',1,1,5),(26,2,'Par5','2017-12-08 00:00:00','Fri','N',2,2,3),(27,3,'Par5','2017-12-08 00:00:00','Fri','N',3,3,4),(28,4,'Par5','2017-12-08 00:00:00','Fri','N',4,4,4),(29,5,'Par5','2017-12-08 00:00:00','Fri','N',11,11,4),(30,6,'Par5','2017-12-08 00:00:00','Fri','N',12,12,2),(31,7,'Par3','2017-12-04 00:00:00','Mon','N',1,2,2),(32,8,'Par3','2017-12-04 00:00:00','Mon','N',2,3,3),(33,11,'Par3','2017-12-04 00:00:00','Mon','N',5,6,2),(34,12,'Par3','2017-12-04 00:00:00','Mon','N',7,6,3),(35,7,'Par4','2017-12-05 00:00:00','Tue','N',1,2,2),(36,8,'Par4','2017-12-05 00:00:00','Tue','N',2,3,4),(37,11,'Par4','2017-12-05 00:00:00','Tue','N',5,6,4),(38,12,'Par4','2017-12-05 00:00:00','Tue','N',7,6,3),(39,7,'Par3','2017-12-06 00:00:00','Wed','N',1,2,3),(40,8,'Par3','2017-12-06 00:00:00','Wed','N',2,3,3),(41,11,'Par3','2017-12-06 00:00:00','Wed','N',5,6,4),(42,12,'Par3','2017-12-06 00:00:00','Wed','N',7,6,2),(43,7,'Par5','2017-12-07 00:00:00','Thu','N',1,2,4),(44,8,'Par5','2017-12-07 00:00:00','Thu','N',2,3,4),(45,11,'Par5','2017-12-07 00:00:00','Thu','N',5,6,5),(46,12,'Par5','2017-12-07 00:00:00','Thu','N',7,6,2),(47,7,'Par5','2017-12-08 00:00:00','Fri','N',1,2,5),(48,8,'Par5','2017-12-08 00:00:00','Fri','N',2,3,7),(49,11,'Par5','2017-12-08 00:00:00','Fri','N',5,6,5),(50,12,'Par5','2017-12-08 00:00:00','Fri','N',7,6,2),(51,16,'Par3','2017-12-04 00:00:00','Mon','N',5,7,3),(52,17,'Par3','2017-12-04 00:00:00','Mon','N',11,12,2),(53,18,'Par3','2017-12-04 00:00:00','Mon','N',13,14,3),(54,19,'Par3','2017-12-04 00:00:00','Mon','N',15,16,3),(55,14,'Par3','2017-12-04 00:00:00','Mon','N',1,2,3),(56,15,'Par3','2017-12-04 00:00:00','Mon','N',4,3,3),(57,16,'Par4','2017-12-05 00:00:00','Tue','N',5,7,4),(58,17,'Par4','2017-12-05 00:00:00','Tue','N',11,12,4),(59,18,'Par4','2017-12-05 00:00:00','Tue','N',13,14,2),(60,19,'Par4','2017-12-05 00:00:00','Tue','N',15,16,4),(61,14,'Par4','2017-12-05 00:00:00','Tue','N',1,2,4),(62,15,'Par4','2017-12-05 00:00:00','Tue','N',4,3,3),(63,16,'Par3','2017-12-06 00:00:00','Wed','N',5,7,2),(64,17,'Par3','2017-12-06 00:00:00','Wed','N',11,12,3),(65,18,'Par3','2017-12-06 00:00:00','Wed','N',13,14,3),(66,19,'Par3','2017-12-06 00:00:00','Wed','N',15,16,2),(67,14,'Par3','2017-12-06 00:00:00','Wed','N',1,2,3),(68,15,'Par3','2017-12-06 00:00:00','Wed','N',4,3,3),(69,13,'Par3','2017-12-04 00:00:00','Mon','N',1,1,3),(70,13,'Par3','2017-12-04 00:00:00','Mon','N',2,2,3),(71,13,'Par3','2017-12-04 00:00:00','Mon','N',3,3,3),(72,20,'Par3','2017-12-04 00:00:00','Mon','N',3,3,2),(73,20,'Par3','2017-12-04 00:00:00','Mon','N',4,4,2),(74,20,'Par3','2017-12-04 00:00:00','Mon','N',1,1,3),(75,22,'Par3','2017-12-04 00:00:00','Mon','N',11,11,3),(76,22,'Par3','2017-12-04 00:00:00','Mon','N',12,12,2),(77,22,'Par3','2017-12-04 00:00:00','Mon','N',13,13,2),(78,22,'Par3','2017-12-04 00:00:00','Mon','N',14,14,3),(79,22,'Par3','2017-12-04 00:00:00','Mon','N',15,15,3),(80,23,'Par3','2017-12-04 00:00:00','Mon','N',15,15,2),(81,23,'Par3','2017-12-04 00:00:00','Mon','N',16,16,1),(82,24,'Par3','2017-12-04 00:00:00','Mon','N',5,5,3),(83,13,'Par4','2017-12-05 00:00:00','Tue','N',1,1,4),(84,13,'Par4','2017-12-05 00:00:00','Tue','N',2,2,3),(85,13,'Par4','2017-12-05 00:00:00','Tue','N',3,3,4),(86,20,'Par4','2017-12-05 00:00:00','Tue','N',3,3,4),(87,20,'Par4','2017-12-05 00:00:00','Tue','N',4,4,1),(88,20,'Par4','2017-12-05 00:00:00','Tue','N',1,1,6),(89,22,'Par4','2017-12-05 00:00:00','Tue','N',11,11,4),(90,22,'Par4','2017-12-05 00:00:00','Tue','N',12,12,3),(91,22,'Par4','2017-12-05 00:00:00','Tue','N',13,13,4),(92,22,'Par4','2017-12-05 00:00:00','Tue','N',14,14,4),(93,22,'Par4','2017-12-05 00:00:00','Tue','N',15,15,4),(94,23,'Par4','2017-12-05 00:00:00','Tue','N',15,15,3),(95,23,'Par4','2017-12-05 00:00:00','Tue','N',16,16,4),(96,24,'Par4','2017-12-05 00:00:00','Tue','N',5,5,3),(97,13,'Par3','2017-12-06 00:00:00','Wed','N',1,1,1),(98,13,'Par3','2017-12-06 00:00:00','Wed','N',2,2,3),(99,13,'Par3','2017-12-06 00:00:00','Wed','N',3,3,3),(100,20,'Par3','2017-12-06 00:00:00','Wed','N',3,3,1),(101,20,'Par3','2017-12-06 00:00:00','Wed','N',4,4,3),(102,20,'Par3','2017-12-06 00:00:00','Wed','N',1,1,1),(103,22,'Par3','2017-12-06 00:00:00','Wed','N',11,11,3),(104,22,'Par3','2017-12-06 00:00:00','Wed','N',12,12,2),(105,22,'Par3','2017-12-06 00:00:00','Wed','N',13,13,4),(106,22,'Par3','2017-12-06 00:00:00','Wed','N',14,14,3),(107,22,'Par3','2017-12-06 00:00:00','Wed','N',15,15,2),(108,23,'Par3','2017-12-06 00:00:00','Wed','N',15,15,3),(109,23,'Par3','2017-12-06 00:00:00','Wed','N',16,16,3),(110,24,'Par3','2017-12-06 00:00:00','Wed','N',5,5,4),(111,13,'Par5','2017-12-07 00:00:00','Thu','N',1,1,4),(112,13,'Par5','2017-12-07 00:00:00','Thu','N',2,2,4),(113,13,'Par5','2017-12-07 00:00:00','Thu','N',3,3,5),(114,20,'Par5','2017-12-07 00:00:00','Thu','N',3,3,4),(115,20,'Par5','2017-12-07 00:00:00','Thu','N',4,4,5),(116,20,'Par5','2017-12-07 00:00:00','Thu','N',1,1,5),(117,22,'Par5','2017-12-07 00:00:00','Thu','N',11,11,5),(118,22,'Par5','2017-12-07 00:00:00','Thu','N',12,12,3),(119,22,'Par5','2017-12-07 00:00:00','Thu','N',13,13,5),(120,22,'Par5','2017-12-07 00:00:00','Thu','N',14,14,4),(121,22,'Par5','2017-12-07 00:00:00','Thu','N',15,15,4),(122,23,'Par5','2017-12-07 00:00:00','Thu','N',15,15,4),(123,23,'Par5','2017-12-07 00:00:00','Thu','N',16,16,4),(124,24,'Par5','2017-12-07 00:00:00','Thu','N',5,5,5),(125,13,'Par5','2017-12-08 00:00:00','Fri','N',1,1,5),(126,13,'Par5','2017-12-08 00:00:00','Fri','N',2,2,5),(127,13,'Par5','2017-12-08 00:00:00','Fri','N',3,3,4),(128,20,'Par5','2017-12-08 00:00:00','Fri','N',3,3,4),(129,20,'Par5','2017-12-08 00:00:00','Fri','N',4,4,4),(130,20,'Par5','2017-12-08 00:00:00','Fri','N',1,1,5),(131,22,'Par5','2017-12-08 00:00:00','Fri','N',11,11,4),(132,22,'Par5','2017-12-08 00:00:00','Fri','N',12,12,5),(133,22,'Par5','2017-12-08 00:00:00','Fri','N',13,13,5),(134,22,'Par5','2017-12-08 00:00:00','Fri','N',14,14,4),(135,22,'Par5','2017-12-08 00:00:00','Fri','N',15,15,3),(136,23,'Par5','2017-12-08 00:00:00','Fri','N',15,15,5),(137,23,'Par5','2017-12-08 00:00:00','Fri','N',16,16,5),(138,24,'Par5','2017-12-08 00:00:00','Fri','N',5,5,5),(139,25,'Par3','2017-12-04 00:00:00','Mon','N',5,6,2),(140,26,'Par3','2017-12-04 00:00:00','Mon','N',6,7,1),(141,28,'Par3','2017-12-04 00:00:00','Mon','N',10,1,4),(142,25,'Par4','2017-12-05 00:00:00','Tue','N',5,6,4),(143,26,'Par4','2017-12-05 00:00:00','Tue','N',6,7,2),(144,28,'Par4','2017-12-05 00:00:00','Tue','N',10,1,3),(145,25,'Par3','2017-12-06 00:00:00','Wed','N',5,6,3),(146,26,'Par3','2017-12-06 00:00:00','Wed','N',6,7,3),(147,28,'Par3','2017-12-06 00:00:00','Wed','N',10,1,2),(148,25,'Par5','2017-12-07 00:00:00','Thu','N',5,6,4),(149,26,'Par5','2017-12-07 00:00:00','Thu','N',6,7,4),(150,28,'Par5','2017-12-07 00:00:00','Thu','N',10,1,3),(151,25,'Par5','2017-12-08 00:00:00','Fri','N',5,6,8),(152,26,'Par5','2017-12-08 00:00:00','Fri','N',6,7,5),(153,28,'Par5','2017-12-08 00:00:00','Fri','N',10,1,2),(154,31,'Par3','2017-12-04 00:00:00','Mon','N',5,5,3),(155,32,'Par3','2017-12-04 00:00:00','Mon','N',6,6,4),(156,32,'Par3','2017-12-04 00:00:00','Mon','N',7,7,2),(157,34,'Par3','2017-12-04 00:00:00','Mon','N',11,11,3),(158,34,'Par3','2017-12-04 00:00:00','Mon','N',12,12,4),(159,34,'Par3','2017-12-04 00:00:00','Mon','N',13,13,3),(160,34,'Par3','2017-12-04 00:00:00','Mon','N',14,14,2),(161,34,'Par3','2017-12-04 00:00:00','Mon','N',15,15,3),(162,34,'Par3','2017-12-04 00:00:00','Mon','N',16,16,2),(163,35,'Par3','2017-12-04 00:00:00','Mon','N',1,1,1),(164,35,'Par3','2017-12-04 00:00:00','Mon','N',2,2,3),(165,31,'Par4','2017-12-05 00:00:00','Tue','N',5,5,4),(166,32,'Par4','2017-12-05 00:00:00','Tue','N',6,6,4),(167,32,'Par4','2017-12-05 00:00:00','Tue','N',7,7,4),(168,34,'Par4','2017-12-05 00:00:00','Tue','N',11,11,1),(169,34,'Par4','2017-12-05 00:00:00','Tue','N',12,12,3),(170,34,'Par4','2017-12-05 00:00:00','Tue','N',13,13,3),(171,34,'Par4','2017-12-05 00:00:00','Tue','N',14,14,4),(172,34,'Par4','2017-12-05 00:00:00','Tue','N',15,15,3),(173,34,'Par4','2017-12-05 00:00:00','Tue','N',16,16,4),(174,35,'Par4','2017-12-05 00:00:00','Tue','N',1,1,2),(175,35,'Par4','2017-12-05 00:00:00','Tue','N',2,2,4),(176,31,'Par3','2017-12-06 00:00:00','Wed','N',5,5,3),(177,32,'Par3','2017-12-06 00:00:00','Wed','N',6,6,4),(178,32,'Par3','2017-12-06 00:00:00','Wed','N',7,7,3),(179,34,'Par3','2017-12-06 00:00:00','Wed','N',11,11,2),(180,34,'Par3','2017-12-06 00:00:00','Wed','N',12,12,2),(181,34,'Par3','2017-12-06 00:00:00','Wed','N',13,13,3),(182,34,'Par3','2017-12-06 00:00:00','Wed','N',14,14,3),(183,34,'Par3','2017-12-06 00:00:00','Wed','N',15,15,2),(184,34,'Par3','2017-12-06 00:00:00','Wed','N',16,16,3),(185,35,'Par3','2017-12-06 00:00:00','Wed','N',1,1,2),(186,35,'Par3','2017-12-06 00:00:00','Wed','N',2,2,3),(187,31,'Par5','2017-12-07 00:00:00','Thu','N',5,5,4),(188,32,'Par5','2017-12-07 00:00:00','Thu','N',6,6,2),(189,32,'Par5','2017-12-07 00:00:00','Thu','N',7,7,5),(190,34,'Par5','2017-12-07 00:00:00','Thu','N',11,11,3),(191,34,'Par5','2017-12-07 00:00:00','Thu','N',12,12,5),(192,34,'Par5','2017-12-07 00:00:00','Thu','N',13,13,4),(193,34,'Par5','2017-12-07 00:00:00','Thu','N',14,14,4),(194,34,'Par5','2017-12-07 00:00:00','Thu','N',15,15,4),(195,34,'Par5','2017-12-07 00:00:00','Thu','N',16,16,5),(196,35,'Par5','2017-12-07 00:00:00','Thu','N',1,1,5),(197,35,'Par5','2017-12-07 00:00:00','Thu','N',2,2,4),(198,31,'Par5','2017-12-08 00:00:00','Fri','N',5,5,4),(199,32,'Par5','2017-12-08 00:00:00','Fri','N',6,6,5),(200,32,'Par5','2017-12-08 00:00:00','Fri','N',7,7,5),(201,34,'Par5','2017-12-08 00:00:00','Fri','N',11,11,3),(202,34,'Par5','2017-12-08 00:00:00','Fri','N',12,12,4),(203,34,'Par5','2017-12-08 00:00:00','Fri','N',13,13,2),(204,34,'Par5','2017-12-08 00:00:00','Fri','N',14,14,3),(205,34,'Par5','2017-12-08 00:00:00','Fri','N',15,15,5),(206,34,'Par5','2017-12-08 00:00:00','Fri','N',16,16,5),(207,35,'Par5','2017-12-08 00:00:00','Fri','N',1,1,5),(208,35,'Par5','2017-12-08 00:00:00','Fri','N',2,2,2),(209,31,'Par3','2017-12-11 00:00:00','Mon','N',5,5,2),(210,32,'Par3','2017-12-11 00:00:00','Mon','N',6,6,2),(211,32,'Par3','2017-12-11 00:00:00','Mon','N',7,7,4),(212,34,'Par3','2017-12-11 00:00:00','Mon','N',11,11,3),(213,34,'Par3','2017-12-11 00:00:00','Mon','N',12,12,2),(214,34,'Par3','2017-12-11 00:00:00','Mon','N',13,13,3),(215,34,'Par3','2017-12-11 00:00:00','Mon','N',14,14,3),(216,34,'Par3','2017-12-11 00:00:00','Mon','N',15,15,2),(217,34,'Par3','2017-12-11 00:00:00','Mon','N',16,16,1),(218,35,'Par3','2017-12-11 00:00:00','Mon','N',1,1,3),(219,35,'Par3','2017-12-11 00:00:00','Mon','N',2,2,1),(220,31,'Par4','2017-12-12 00:00:00','Tue','N',5,5,3),(221,32,'Par4','2017-12-12 00:00:00','Tue','N',6,6,3),(222,32,'Par4','2017-12-12 00:00:00','Tue','N',7,7,4),(223,34,'Par4','2017-12-12 00:00:00','Tue','N',11,11,2),(224,34,'Par4','2017-12-12 00:00:00','Tue','N',12,12,5),(225,34,'Par4','2017-12-12 00:00:00','Tue','N',13,13,3),(226,34,'Par4','2017-12-12 00:00:00','Tue','N',14,14,3),(227,34,'Par4','2017-12-12 00:00:00','Tue','N',15,15,4),(228,34,'Par4','2017-12-12 00:00:00','Tue','N',16,16,4),(229,35,'Par4','2017-12-12 00:00:00','Tue','N',1,1,1),(230,35,'Par4','2017-12-12 00:00:00','Tue','N',2,2,3),(231,31,'Par3','2017-12-13 00:00:00','Wed','N',5,5,3),(232,32,'Par3','2017-12-13 00:00:00','Wed','N',6,6,3),(233,32,'Par3','2017-12-13 00:00:00','Wed','N',7,7,2),(234,34,'Par3','2017-12-13 00:00:00','Wed','N',11,11,2),(235,34,'Par3','2017-12-13 00:00:00','Wed','N',12,12,3),(236,34,'Par3','2017-12-13 00:00:00','Wed','N',13,13,3),(237,34,'Par3','2017-12-13 00:00:00','Wed','N',14,14,3),(238,34,'Par3','2017-12-13 00:00:00','Wed','N',15,15,4),(239,34,'Par3','2017-12-13 00:00:00','Wed','N',16,16,3),(240,35,'Par3','2017-12-13 00:00:00','Wed','N',1,1,2),(241,35,'Par3','2017-12-13 00:00:00','Wed','N',2,2,3),(242,31,'Par5','2017-12-14 00:00:00','Thu','N',5,5,5),(243,32,'Par5','2017-12-14 00:00:00','Thu','N',6,6,5),(244,32,'Par5','2017-12-14 00:00:00','Thu','N',7,7,5),(245,34,'Par5','2017-12-14 00:00:00','Thu','N',11,11,3),(246,34,'Par5','2017-12-14 00:00:00','Thu','N',12,12,4),(247,34,'Par5','2017-12-14 00:00:00','Thu','N',13,13,4),(248,34,'Par5','2017-12-14 00:00:00','Thu','N',14,14,5),(249,34,'Par5','2017-12-14 00:00:00','Thu','N',15,15,5),(250,34,'Par5','2017-12-14 00:00:00','Thu','N',16,16,5),(251,35,'Par5','2017-12-14 00:00:00','Thu','N',1,1,5),(252,35,'Par5','2017-12-14 00:00:00','Thu','N',2,2,4),(253,31,'Par5','2017-12-15 00:00:00','Fri','N',5,5,3),(254,32,'Par5','2017-12-15 00:00:00','Fri','N',6,6,4),(255,32,'Par5','2017-12-15 00:00:00','Fri','N',7,7,5),(256,34,'Par5','2017-12-15 00:00:00','Fri','N',11,11,2),(257,34,'Par5','2017-12-15 00:00:00','Fri','N',12,12,4),(258,34,'Par5','2017-12-15 00:00:00','Fri','N',13,13,3),(259,34,'Par5','2017-12-15 00:00:00','Fri','N',14,14,5),(260,34,'Par5','2017-12-15 00:00:00','Fri','N',15,15,4),(261,34,'Par5','2017-12-15 00:00:00','Fri','N',16,16,5),(262,35,'Par5','2017-12-15 00:00:00','Fri','N',1,1,2),(263,35,'Par5','2017-12-15 00:00:00','Fri','N',2,2,6),(264,31,'Par3','2017-12-18 00:00:00','Mon','N',5,5,3),(265,32,'Par3','2017-12-18 00:00:00','Mon','N',6,6,2),(266,32,'Par3','2017-12-18 00:00:00','Mon','N',7,7,3),(267,34,'Par3','2017-12-18 00:00:00','Mon','N',11,11,3),(268,34,'Par3','2017-12-18 00:00:00','Mon','N',12,12,3),(269,34,'Par3','2017-12-18 00:00:00','Mon','N',13,13,3),(270,34,'Par3','2017-12-18 00:00:00','Mon','N',14,14,2),(271,34,'Par3','2017-12-18 00:00:00','Mon','N',15,15,2),(272,34,'Par3','2017-12-18 00:00:00','Mon','N',16,16,3),(273,35,'Par3','2017-12-18 00:00:00','Mon','N',1,1,2),(274,35,'Par3','2017-12-18 00:00:00','Mon','N',2,2,1),(275,31,'Par4','2017-12-19 00:00:00','Tue','N',5,5,3),(276,32,'Par4','2017-12-19 00:00:00','Tue','N',6,6,4),(277,32,'Par4','2017-12-19 00:00:00','Tue','N',7,7,4),(278,34,'Par4','2017-12-19 00:00:00','Tue','N',11,11,2),(279,34,'Par4','2017-12-19 00:00:00','Tue','N',12,12,3),(280,34,'Par4','2017-12-19 00:00:00','Tue','N',13,13,4),(281,34,'Par4','2017-12-19 00:00:00','Tue','N',14,14,4),(282,34,'Par4','2017-12-19 00:00:00','Tue','N',15,15,3),(283,34,'Par4','2017-12-19 00:00:00','Tue','N',16,16,3),(284,35,'Par4','2017-12-19 00:00:00','Tue','N',1,1,4),(285,35,'Par4','2017-12-19 00:00:00','Tue','N',2,2,4),(286,31,'Par3','2017-12-20 00:00:00','Wed','N',5,5,2),(287,32,'Par3','2017-12-20 00:00:00','Wed','N',6,6,1),(288,32,'Par3','2017-12-20 00:00:00','Wed','N',7,7,2),(289,34,'Par3','2017-12-20 00:00:00','Wed','N',11,11,2),(290,34,'Par3','2017-12-20 00:00:00','Wed','N',12,12,3),(291,34,'Par3','2017-12-20 00:00:00','Wed','N',13,13,1),(292,34,'Par3','2017-12-20 00:00:00','Wed','N',14,14,3),(293,34,'Par3','2017-12-20 00:00:00','Wed','N',15,15,2),(294,34,'Par3','2017-12-20 00:00:00','Wed','N',16,16,2),(295,35,'Par3','2017-12-20 00:00:00','Wed','N',1,1,2),(296,35,'Par3','2017-12-20 00:00:00','Wed','N',2,2,3),(297,31,'Par5','2017-12-21 00:00:00','Thu','N',5,5,6),(298,32,'Par5','2017-12-21 00:00:00','Thu','N',6,6,4),(299,32,'Par5','2017-12-21 00:00:00','Thu','N',7,7,5),(300,34,'Par5','2017-12-21 00:00:00','Thu','N',11,11,5),(301,34,'Par5','2017-12-21 00:00:00','Thu','N',12,12,5),(302,34,'Par5','2017-12-21 00:00:00','Thu','N',13,13,6),(303,34,'Par5','2017-12-21 00:00:00','Thu','N',14,14,5),(304,34,'Par5','2017-12-21 00:00:00','Thu','N',15,15,4),(305,34,'Par5','2017-12-21 00:00:00','Thu','N',16,16,5),(306,35,'Par5','2017-12-21 00:00:00','Thu','N',1,1,3),(307,35,'Par5','2017-12-21 00:00:00','Thu','N',2,2,3),(308,31,'Par5','2017-12-22 00:00:00','Fri','N',5,5,5),(309,32,'Par5','2017-12-22 00:00:00','Fri','N',6,6,4),(310,32,'Par5','2017-12-22 00:00:00','Fri','N',7,7,5),(311,34,'Par5','2017-12-22 00:00:00','Fri','N',11,11,5),(312,34,'Par5','2017-12-22 00:00:00','Fri','N',12,12,4),(313,34,'Par5','2017-12-22 00:00:00','Fri','N',13,13,4),(314,34,'Par5','2017-12-22 00:00:00','Fri','N',14,14,3),(315,34,'Par5','2017-12-22 00:00:00','Fri','N',15,15,5),(316,34,'Par5','2017-12-22 00:00:00','Fri','N',16,16,3),(317,35,'Par5','2017-12-22 00:00:00','Fri','N',1,1,5),(318,35,'Par5','2017-12-22 00:00:00','Fri','N',2,2,4),(319,36,'Par3','2017-12-04 00:00:00','Mon','N',1,1,3),(320,37,'Par3','2017-12-04 00:00:00','Mon','N',2,2,2),(321,36,'Par3','2017-12-04 00:00:00','Mon','N',2,2,3),(322,38,'Par3','2017-12-04 00:00:00','Mon','N',3,3,2),(323,39,'Par3','2017-12-04 00:00:00','Mon','N',4,4,3),(324,38,'Par3','2017-12-04 00:00:00','Mon','N',10,10,3),(325,40,'Par3','2017-12-04 00:00:00','Mon','N',5,5,3),(326,41,'Par3','2017-12-04 00:00:00','Mon','N',5,5,2),(327,41,'Par3','2017-12-04 00:00:00','Mon','N',6,6,1),(328,41,'Par3','2017-12-04 00:00:00','Mon','N',7,7,2),(329,42,'Par3','2017-12-04 00:00:00','Mon','N',11,11,1),(330,43,'Par3','2017-12-04 00:00:00','Mon','N',13,13,3),(331,42,'Par3','2017-12-04 00:00:00','Mon','N',12,12,3),(332,43,'Par3','2017-12-04 00:00:00','Mon','N',14,14,2),(333,43,'Par3','2017-12-04 00:00:00','Mon','N',15,15,3),(334,43,'Par3','2017-12-04 00:00:00','Mon','N',16,16,3),(335,36,'Par4','2017-12-05 00:00:00','Tue','N',1,1,1),(336,37,'Par4','2017-12-05 00:00:00','Tue','N',2,2,3),(337,36,'Par4','2017-12-05 00:00:00','Tue','N',2,2,3),(338,38,'Par4','2017-12-05 00:00:00','Tue','N',3,3,1),(339,39,'Par4','2017-12-05 00:00:00','Tue','N',4,4,3),(340,38,'Par4','2017-12-05 00:00:00','Tue','N',10,10,4),(341,40,'Par4','2017-12-05 00:00:00','Tue','N',5,5,4),(342,41,'Par4','2017-12-05 00:00:00','Tue','N',5,5,3),(343,41,'Par4','2017-12-05 00:00:00','Tue','N',6,6,4),(344,41,'Par4','2017-12-05 00:00:00','Tue','N',7,7,2),(345,42,'Par4','2017-12-05 00:00:00','Tue','N',11,11,4),(346,43,'Par4','2017-12-05 00:00:00','Tue','N',13,13,3),(347,42,'Par4','2017-12-05 00:00:00','Tue','N',12,12,4),(348,43,'Par4','2017-12-05 00:00:00','Tue','N',14,14,3),(349,43,'Par4','2017-12-05 00:00:00','Tue','N',15,15,4),(350,43,'Par4','2017-12-05 00:00:00','Tue','N',16,16,4),(351,36,'Par3','2017-12-06 00:00:00','Wed','N',1,1,3),(352,37,'Par3','2017-12-06 00:00:00','Wed','N',2,2,3),(353,36,'Par3','2017-12-06 00:00:00','Wed','N',2,2,2),(354,38,'Par3','2017-12-06 00:00:00','Wed','N',3,3,3),(355,39,'Par3','2017-12-06 00:00:00','Wed','N',4,4,2),(356,38,'Par3','2017-12-06 00:00:00','Wed','N',10,10,2),(357,40,'Par3','2017-12-06 00:00:00','Wed','N',5,5,2),(358,41,'Par3','2017-12-06 00:00:00','Wed','N',5,5,3),(359,41,'Par3','2017-12-06 00:00:00','Wed','N',6,6,3),(360,41,'Par3','2017-12-06 00:00:00','Wed','N',7,7,2),(361,42,'Par3','2017-12-06 00:00:00','Wed','N',11,11,3),(362,43,'Par3','2017-12-06 00:00:00','Wed','N',13,13,3),(363,42,'Par3','2017-12-06 00:00:00','Wed','N',12,12,2),(364,43,'Par3','2017-12-06 00:00:00','Wed','N',14,14,2),(365,43,'Par3','2017-12-06 00:00:00','Wed','N',15,15,3),(366,43,'Par3','2017-12-06 00:00:00','Wed','N',16,16,2),(367,36,'Par5','2017-12-07 00:00:00','Thu','N',1,1,4),(368,37,'Par5','2017-12-07 00:00:00','Thu','N',2,2,3),(369,36,'Par5','2017-12-07 00:00:00','Thu','N',2,2,3),(370,38,'Par5','2017-12-07 00:00:00','Thu','N',3,3,6),(371,39,'Par5','2017-12-07 00:00:00','Thu','N',4,4,2),(372,38,'Par5','2017-12-07 00:00:00','Thu','N',10,10,6),(373,40,'Par5','2017-12-07 00:00:00','Thu','N',5,5,4),(374,41,'Par5','2017-12-07 00:00:00','Thu','N',5,5,2),(375,41,'Par5','2017-12-07 00:00:00','Thu','N',6,6,5),(376,41,'Par5','2017-12-07 00:00:00','Thu','N',7,7,3),(377,42,'Par5','2017-12-07 00:00:00','Thu','N',11,11,4),(378,43,'Par5','2017-12-07 00:00:00','Thu','N',13,13,4),(379,42,'Par5','2017-12-07 00:00:00','Thu','N',12,12,4),(380,43,'Par5','2017-12-07 00:00:00','Thu','N',14,14,5),(381,43,'Par5','2017-12-07 00:00:00','Thu','N',15,15,5),(382,43,'Par5','2017-12-07 00:00:00','Thu','N',16,16,4),(383,36,'Par5','2017-12-08 00:00:00','Fri','N',1,1,3),(384,37,'Par5','2017-12-08 00:00:00','Fri','N',2,2,5),(385,36,'Par5','2017-12-08 00:00:00','Fri','N',2,2,5),(386,38,'Par5','2017-12-08 00:00:00','Fri','N',3,3,4),(387,39,'Par5','2017-12-08 00:00:00','Fri','N',4,4,4),(388,38,'Par5','2017-12-08 00:00:00','Fri','N',10,10,2),(389,40,'Par5','2017-12-08 00:00:00','Fri','N',5,5,6),(390,41,'Par5','2017-12-08 00:00:00','Fri','N',5,5,3),(391,41,'Par5','2017-12-08 00:00:00','Fri','N',6,6,5),(392,41,'Par5','2017-12-08 00:00:00','Fri','N',7,7,6),(393,42,'Par5','2017-12-08 00:00:00','Fri','N',11,11,4),(394,43,'Par5','2017-12-08 00:00:00','Fri','N',13,13,5),(395,42,'Par5','2017-12-08 00:00:00','Fri','N',12,12,5),(396,43,'Par5','2017-12-08 00:00:00','Fri','N',14,14,5),(397,43,'Par5','2017-12-08 00:00:00','Fri','N',15,15,5),(398,43,'Par5','2017-12-08 00:00:00','Fri','N',16,16,3),(399,45,'Par3','2017-12-04 00:00:00','Mon','N',11,11,3),(400,46,'Par3','2017-12-04 00:00:00','Mon','N',13,13,2),(401,45,'Par3','2017-12-04 00:00:00','Mon','N',12,12,2),(402,46,'Par3','2017-12-04 00:00:00','Mon','N',14,14,3),(403,47,'Par3','2017-12-04 00:00:00','Mon','N',15,15,3),(404,49,'Par3','2017-12-04 00:00:00','Mon','N',5,5,2),(405,47,'Par3','2017-12-04 00:00:00','Mon','N',16,16,2),(406,50,'Par3','2017-12-04 00:00:00','Mon','N',1,1,1),(407,51,'Par3','2017-12-04 00:00:00','Mon','N',2,2,3),(408,56,'Par3','2017-12-04 00:00:00','Mon','N',4,4,2),(409,56,'Par3','2017-12-04 00:00:00','Mon','N',3,3,3),(410,45,'Par4','2017-12-05 00:00:00','Tue','N',11,11,4),(411,46,'Par4','2017-12-05 00:00:00','Tue','N',13,13,3),(412,45,'Par4','2017-12-05 00:00:00','Tue','N',12,12,4),(413,46,'Par4','2017-12-05 00:00:00','Tue','N',14,14,2),(414,47,'Par4','2017-12-05 00:00:00','Tue','N',15,15,1),(415,49,'Par4','2017-12-05 00:00:00','Tue','N',5,5,4),(416,47,'Par4','2017-12-05 00:00:00','Tue','N',16,16,4),(417,50,'Par4','2017-12-05 00:00:00','Tue','N',1,1,4),(418,51,'Par4','2017-12-05 00:00:00','Tue','N',2,2,3),(419,56,'Par4','2017-12-05 00:00:00','Tue','N',4,4,3),(420,56,'Par4','2017-12-05 00:00:00','Tue','N',3,3,2),(421,45,'Par3','2017-12-06 00:00:00','Wed','N',11,11,3),(422,46,'Par3','2017-12-06 00:00:00','Wed','N',13,13,3),(423,45,'Par3','2017-12-06 00:00:00','Wed','N',12,12,2),(424,46,'Par3','2017-12-06 00:00:00','Wed','N',14,14,3),(425,47,'Par3','2017-12-06 00:00:00','Wed','N',15,15,3),(426,49,'Par3','2017-12-06 00:00:00','Wed','N',5,5,2),(427,47,'Par3','2017-12-06 00:00:00','Wed','N',16,16,3),(428,50,'Par3','2017-12-06 00:00:00','Wed','N',1,1,2),(429,51,'Par3','2017-12-06 00:00:00','Wed','N',2,2,5),(430,56,'Par3','2017-12-06 00:00:00','Wed','N',4,4,3),(431,56,'Par3','2017-12-06 00:00:00','Wed','N',3,3,2),(432,45,'Par5','2017-12-07 00:00:00','Thu','N',11,11,5),(433,46,'Par5','2017-12-07 00:00:00','Thu','N',13,13,6),(434,45,'Par5','2017-12-07 00:00:00','Thu','N',12,12,3),(435,46,'Par5','2017-12-07 00:00:00','Thu','N',14,14,3),(436,47,'Par5','2017-12-07 00:00:00','Thu','N',15,15,3),(437,49,'Par5','2017-12-07 00:00:00','Thu','N',5,5,3),(438,47,'Par5','2017-12-07 00:00:00','Thu','N',16,16,5),(439,50,'Par5','2017-12-07 00:00:00','Thu','N',1,1,4),(440,51,'Par5','2017-12-07 00:00:00','Thu','N',2,2,5),(441,56,'Par5','2017-12-07 00:00:00','Thu','N',4,4,5),(442,56,'Par5','2017-12-07 00:00:00','Thu','N',3,3,4),(443,45,'Par5','2017-12-08 00:00:00','Fri','N',11,11,5),(444,46,'Par5','2017-12-08 00:00:00','Fri','N',13,13,5),(445,45,'Par5','2017-12-08 00:00:00','Fri','N',12,12,3),(446,46,'Par5','2017-12-08 00:00:00','Fri','N',14,14,4),(447,47,'Par5','2017-12-08 00:00:00','Fri','N',15,15,4),(448,49,'Par5','2017-12-08 00:00:00','Fri','N',5,5,5),(449,47,'Par5','2017-12-08 00:00:00','Fri','N',16,16,4),(450,50,'Par5','2017-12-08 00:00:00','Fri','N',1,1,3),(451,51,'Par5','2017-12-08 00:00:00','Fri','N',2,2,5),(452,56,'Par5','2017-12-08 00:00:00','Fri','N',4,4,2),(453,56,'Par5','2017-12-08 00:00:00','Fri','N',3,3,3),(454,64,'Par3','2017-12-04 00:00:00','Mon','N',15,16,4),(455,57,'Par3','2017-12-04 00:00:00','Mon','N',3,10,2),(456,59,'Par3','2017-12-04 00:00:00','Mon','N',2,17,3),(457,60,'Par3','2017-12-04 00:00:00','Mon','N',11,12,1),(458,63,'Par3','2017-12-04 00:00:00','Mon','N',13,14,3),(459,64,'Par4','2017-12-05 00:00:00','Tue','N',15,16,3),(460,57,'Par4','2017-12-05 00:00:00','Tue','N',3,10,2),(461,59,'Par4','2017-12-05 00:00:00','Tue','N',2,17,4),(462,60,'Par4','2017-12-05 00:00:00','Tue','N',11,12,4),(463,63,'Par4','2017-12-05 00:00:00','Tue','N',13,14,4),(464,64,'Par3','2017-12-06 00:00:00','Wed','N',15,16,2),(465,57,'Par3','2017-12-06 00:00:00','Wed','N',3,10,3),(466,59,'Par3','2017-12-06 00:00:00','Wed','N',2,17,2),(467,60,'Par3','2017-12-06 00:00:00','Wed','N',11,12,3),(468,63,'Par3','2017-12-06 00:00:00','Wed','N',13,14,3),(469,64,'Par5','2017-12-07 00:00:00','Thu','N',15,16,5),(470,57,'Par5','2017-12-07 00:00:00','Thu','N',3,10,5),(471,59,'Par5','2017-12-07 00:00:00','Thu','N',2,17,5),(472,60,'Par5','2017-12-07 00:00:00','Thu','N',11,12,5),(473,63,'Par5','2017-12-07 00:00:00','Thu','N',13,14,4),(474,64,'Par5','2017-12-08 00:00:00','Fri','N',15,16,3),(475,57,'Par5','2017-12-08 00:00:00','Fri','N',3,10,5),(476,59,'Par5','2017-12-08 00:00:00','Fri','N',2,17,5),(477,60,'Par5','2017-12-08 00:00:00','Fri','N',11,12,4),(478,63,'Par5','2017-12-08 00:00:00','Fri','N',13,14,4),(479,65,'Par3','2017-12-04 00:00:00','Mon','N',1,1,1),(480,66,'Par3','2017-12-04 00:00:00','Mon','N',2,2,3),(481,67,'Par3','2017-12-04 00:00:00','Mon','N',5,5,3),(482,68,'Par3','2017-12-04 00:00:00','Mon','N',6,6,1),(483,68,'Par3','2017-12-04 00:00:00','Mon','N',7,7,2),(484,70,'Par3','2017-12-04 00:00:00','Mon','N',10,10,3),(485,71,'Par3','2017-12-04 00:00:00','Mon','N',3,3,4),(486,70,'Par3','2017-12-04 00:00:00','Mon','N',17,17,2),(487,72,'Par3','2017-12-04 00:00:00','Mon','N',12,12,2),(488,73,'Par3','2017-12-04 00:00:00','Mon','N',11,11,3),(489,72,'Par3','2017-12-04 00:00:00','Mon','N',13,13,2),(490,72,'Par3','2017-12-04 00:00:00','Mon','N',14,14,3),(491,72,'Par3','2017-12-04 00:00:00','Mon','N',15,15,3),(492,65,'Par4','2017-12-05 00:00:00','Tue','N',1,1,3),(493,66,'Par4','2017-12-05 00:00:00','Tue','N',2,2,4),(494,67,'Par4','2017-12-05 00:00:00','Tue','N',5,5,3),(495,68,'Par4','2017-12-05 00:00:00','Tue','N',6,6,3),(496,68,'Par4','2017-12-05 00:00:00','Tue','N',7,7,3),(497,70,'Par4','2017-12-05 00:00:00','Tue','N',10,10,2),(498,71,'Par4','2017-12-05 00:00:00','Tue','N',3,3,5),(499,70,'Par4','2017-12-05 00:00:00','Tue','N',17,17,4),(500,72,'Par4','2017-12-05 00:00:00','Tue','N',12,12,5),(501,73,'Par4','2017-12-05 00:00:00','Tue','N',11,11,6),(502,72,'Par4','2017-12-05 00:00:00','Tue','N',13,13,4),(503,72,'Par4','2017-12-05 00:00:00','Tue','N',14,14,4),(504,72,'Par4','2017-12-05 00:00:00','Tue','N',15,15,4),(505,65,'Par3','2017-12-06 00:00:00','Wed','N',1,1,3),(506,66,'Par3','2017-12-06 00:00:00','Wed','N',2,2,3),(507,67,'Par3','2017-12-06 00:00:00','Wed','N',5,5,2),(508,68,'Par3','2017-12-06 00:00:00','Wed','N',6,6,3),(509,68,'Par3','2017-12-06 00:00:00','Wed','N',7,7,3),(510,70,'Par3','2017-12-06 00:00:00','Wed','N',10,10,2),(511,71,'Par3','2017-12-06 00:00:00','Wed','N',3,3,3),(512,70,'Par3','2017-12-06 00:00:00','Wed','N',17,17,3),(513,72,'Par3','2017-12-06 00:00:00','Wed','N',12,12,3),(514,73,'Par3','2017-12-06 00:00:00','Wed','N',11,11,3),(515,72,'Par3','2017-12-06 00:00:00','Wed','N',13,13,3),(516,72,'Par3','2017-12-06 00:00:00','Wed','N',14,14,3),(517,72,'Par3','2017-12-06 00:00:00','Wed','N',15,15,3),(518,65,'Par5','2017-12-07 00:00:00','Thu','N',1,1,4),(519,66,'Par5','2017-12-07 00:00:00','Thu','N',2,2,4),(520,67,'Par5','2017-12-07 00:00:00','Thu','N',5,5,4),(521,68,'Par5','2017-12-07 00:00:00','Thu','N',6,6,5),(522,68,'Par5','2017-12-07 00:00:00','Thu','N',7,7,4),(523,70,'Par5','2017-12-07 00:00:00','Thu','N',10,10,5),(524,71,'Par5','2017-12-07 00:00:00','Thu','N',3,3,6),(525,70,'Par5','2017-12-07 00:00:00','Thu','N',17,17,4),(526,72,'Par5','2017-12-07 00:00:00','Thu','N',12,12,5),(527,73,'Par5','2017-12-07 00:00:00','Thu','N',11,11,5),(528,72,'Par5','2017-12-07 00:00:00','Thu','N',13,13,5),(529,72,'Par5','2017-12-07 00:00:00','Thu','N',14,14,5),(530,72,'Par5','2017-12-07 00:00:00','Thu','N',15,15,3),(531,65,'Par5','2017-12-08 00:00:00','Fri','N',1,1,5),(532,66,'Par5','2017-12-08 00:00:00','Fri','N',2,2,3),(533,67,'Par5','2017-12-08 00:00:00','Fri','N',5,5,5),(534,68,'Par5','2017-12-08 00:00:00','Fri','N',6,6,5),(535,68,'Par5','2017-12-08 00:00:00','Fri','N',7,7,3),(536,70,'Par5','2017-12-08 00:00:00','Fri','N',10,10,4),(537,71,'Par5','2017-12-08 00:00:00','Fri','N',3,3,4),(538,70,'Par5','2017-12-08 00:00:00','Fri','N',17,17,3),(539,72,'Par5','2017-12-08 00:00:00','Fri','N',12,12,3),(540,73,'Par5','2017-12-08 00:00:00','Fri','N',11,11,4),(541,72,'Par5','2017-12-08 00:00:00','Fri','N',13,13,5),(542,72,'Par5','2017-12-08 00:00:00','Fri','N',14,14,5),(543,72,'Par5','2017-12-08 00:00:00','Fri','N',15,15,4),(544,80,'Par3','2017-12-04 00:00:00','Mon','N',1,3,2),(545,81,'Par3','2017-12-04 00:00:00','Mon','N',6,7,3),(546,75,'Par3','2017-12-04 00:00:00','Mon','N',15,16,3),(547,76,'Par3','2017-12-04 00:00:00','Mon','N',2,17,3),(548,78,'Par3','2017-12-04 00:00:00','Mon','N',4,5,3),(549,80,'Par4','2017-12-05 00:00:00','Tue','N',1,3,2),(550,81,'Par4','2017-12-05 00:00:00','Tue','N',6,7,4),(551,75,'Par4','2017-12-05 00:00:00','Tue','N',15,16,4),(552,76,'Par4','2017-12-05 00:00:00','Tue','N',2,17,4),(553,78,'Par4','2017-12-05 00:00:00','Tue','N',4,5,4),(554,80,'Par3','2017-12-06 00:00:00','Wed','N',1,3,1),(555,81,'Par3','2017-12-06 00:00:00','Wed','N',6,7,3),(556,75,'Par3','2017-12-06 00:00:00','Wed','N',15,16,3),(557,76,'Par3','2017-12-06 00:00:00','Wed','N',2,17,3),(558,78,'Par3','2017-12-06 00:00:00','Wed','N',4,5,2),(559,80,'Par5','2017-12-07 00:00:00','Thu','N',1,3,5),(560,81,'Par5','2017-12-07 00:00:00','Thu','N',6,7,2),(561,75,'Par5','2017-12-07 00:00:00','Thu','N',15,16,4),(562,76,'Par5','2017-12-07 00:00:00','Thu','N',2,17,4),(563,78,'Par5','2017-12-07 00:00:00','Thu','N',4,5,5),(564,80,'Par5','2017-12-08 00:00:00','Fri','N',1,3,6),(565,81,'Par5','2017-12-08 00:00:00','Fri','N',6,7,5),(566,75,'Par5','2017-12-08 00:00:00','Fri','N',15,16,5),(567,76,'Par5','2017-12-08 00:00:00','Fri','N',2,17,5),(568,78,'Par5','2017-12-08 00:00:00','Fri','N',4,5,5),(569,82,'Par3','2017-12-04 00:00:00','Mon','N',2,2,5),(570,83,'Par3','2017-12-04 00:00:00','Mon','N',17,17,3),(571,84,'Par3','2017-12-04 00:00:00','Mon','N',5,5,3),(572,85,'Par3','2017-12-04 00:00:00','Mon','N',6,6,3),(573,87,'Par3','2017-12-04 00:00:00','Mon','N',1,1,3),(574,85,'Par3','2017-12-04 00:00:00','Mon','N',7,7,2),(575,88,'Par3','2017-12-04 00:00:00','Mon','N',4,4,3),(576,89,'Par3','2017-12-04 00:00:00','Mon','N',3,3,3),(577,91,'Par3','2017-12-04 00:00:00','Mon','N',11,11,3),(578,89,'Par3','2017-12-04 00:00:00','Mon','N',10,10,3),(579,94,'Par3','2017-12-04 00:00:00','Mon','N',12,12,2),(580,95,'Par3','2017-12-04 00:00:00','Mon','N',13,13,3),(581,95,'Par3','2017-12-04 00:00:00','Mon','N',14,14,2),(582,95,'Par3','2017-12-04 00:00:00','Mon','N',15,15,3),(583,95,'Par3','2017-12-04 00:00:00','Mon','N',16,16,2),(584,82,'Par4','2017-12-05 00:00:00','Tue','N',2,2,3),(585,83,'Par4','2017-12-05 00:00:00','Tue','N',17,17,4),(586,84,'Par4','2017-12-05 00:00:00','Tue','N',5,5,4),(587,85,'Par4','2017-12-05 00:00:00','Tue','N',6,6,4),(588,87,'Par4','2017-12-05 00:00:00','Tue','N',1,1,2),(589,85,'Par4','2017-12-05 00:00:00','Tue','N',7,7,2),(590,88,'Par4','2017-12-05 00:00:00','Tue','N',4,4,3),(591,89,'Par4','2017-12-05 00:00:00','Tue','N',3,3,4),(592,91,'Par4','2017-12-05 00:00:00','Tue','N',11,11,4),(593,89,'Par4','2017-12-05 00:00:00','Tue','N',10,10,3),(594,94,'Par4','2017-12-05 00:00:00','Tue','N',12,12,3),(595,95,'Par4','2017-12-05 00:00:00','Tue','N',13,13,2),(596,95,'Par4','2017-12-05 00:00:00','Tue','N',14,14,4),(597,95,'Par4','2017-12-05 00:00:00','Tue','N',15,15,5),(598,95,'Par4','2017-12-05 00:00:00','Tue','N',16,16,4),(599,82,'Par3','2017-12-06 00:00:00','Wed','N',2,2,3),(600,83,'Par3','2017-12-06 00:00:00','Wed','N',17,17,3),(601,84,'Par3','2017-12-06 00:00:00','Wed','N',5,5,3),(602,85,'Par3','2017-12-06 00:00:00','Wed','N',6,6,3),(603,87,'Par3','2017-12-06 00:00:00','Wed','N',1,1,3),(604,85,'Par3','2017-12-06 00:00:00','Wed','N',7,7,3),(605,88,'Par3','2017-12-06 00:00:00','Wed','N',4,4,3),(606,89,'Par3','2017-12-06 00:00:00','Wed','N',3,3,3),(607,91,'Par3','2017-12-06 00:00:00','Wed','N',11,11,2),(608,89,'Par3','2017-12-06 00:00:00','Wed','N',10,10,2),(609,94,'Par3','2017-12-06 00:00:00','Wed','N',12,12,3),(610,95,'Par3','2017-12-06 00:00:00','Wed','N',13,13,3),(611,95,'Par3','2017-12-06 00:00:00','Wed','N',14,14,2),(612,95,'Par3','2017-12-06 00:00:00','Wed','N',15,15,3),(613,95,'Par3','2017-12-06 00:00:00','Wed','N',16,16,3),(614,82,'Par5','2017-12-07 00:00:00','Thu','N',2,2,3),(615,83,'Par5','2017-12-07 00:00:00','Thu','N',17,17,5),(616,84,'Par5','2017-12-07 00:00:00','Thu','N',5,5,2),(617,85,'Par5','2017-12-07 00:00:00','Thu','N',6,6,3),(618,87,'Par5','2017-12-07 00:00:00','Thu','N',1,1,5),(619,85,'Par5','2017-12-07 00:00:00','Thu','N',7,7,3),(620,88,'Par5','2017-12-07 00:00:00','Thu','N',4,4,4),(621,89,'Par5','2017-12-07 00:00:00','Thu','N',3,3,5),(622,91,'Par5','2017-12-07 00:00:00','Thu','N',11,11,4),(623,89,'Par5','2017-12-07 00:00:00','Thu','N',10,10,5),(624,94,'Par5','2017-12-07 00:00:00','Thu','N',12,12,3),(625,95,'Par5','2017-12-07 00:00:00','Thu','N',13,13,3),(626,95,'Par5','2017-12-07 00:00:00','Thu','N',14,14,4),(627,95,'Par5','2017-12-07 00:00:00','Thu','N',15,15,3),(628,95,'Par5','2017-12-07 00:00:00','Thu','N',16,16,3),(629,82,'Par5','2017-12-08 00:00:00','Fri','N',2,2,8),(630,83,'Par5','2017-12-08 00:00:00','Fri','N',17,17,4),(631,84,'Par5','2017-12-08 00:00:00','Fri','N',5,5,4),(632,85,'Par5','2017-12-08 00:00:00','Fri','N',6,6,5),(633,87,'Par5','2017-12-08 00:00:00','Fri','N',1,1,5),(634,85,'Par5','2017-12-08 00:00:00','Fri','N',7,7,5),(635,88,'Par5','2017-12-08 00:00:00','Fri','N',4,4,3),(636,89,'Par5','2017-12-08 00:00:00','Fri','N',3,3,5),(637,91,'Par5','2017-12-08 00:00:00','Fri','N',11,11,2),(638,89,'Par5','2017-12-08 00:00:00','Fri','N',10,10,4),(639,94,'Par5','2017-12-08 00:00:00','Fri','N',12,12,4),(640,95,'Par5','2017-12-08 00:00:00','Fri','N',13,13,3),(641,95,'Par5','2017-12-08 00:00:00','Fri','N',14,14,3),(642,95,'Par5','2017-12-08 00:00:00','Fri','N',15,15,3),(643,95,'Par5','2017-12-08 00:00:00','Fri','N',16,16,5);
/*!40000 ALTER TABLE `gmf_hole` ENABLE KEYS */;
UNLOCK TABLES;

--
-- Table structure for table `gmf_hole_his`
--

DROP TABLE IF EXISTS `gmf_hole_his`;
/*!40101 SET @saved_cs_client     = @@character_set_client */;
/*!40101 SET character_set_client = utf8 */;
CREATE TABLE `gmf_hole_his` (
  `IDX` int(11) NOT NULL AUTO_INCREMENT,
  `HOLE_ID` int(11) DEFAULT NULL,
  `CLSS_NO` int(11) DEFAULT NULL,
  `ORD_NO` int(11) DEFAULT NULL,
  `ACTR_ID` int(11) DEFAULT NULL,
  `ACT_NM` text,
  `RSLT_NM` text,
  `ACT_SCRE` float DEFAULT NULL,
  `DIST_NO` float DEFAULT NULL,
  PRIMARY KEY (`IDX`)
) ENGINE=InnoDB AUTO_INCREMENT=2176 DEFAULT CHARSET=utf8;
/*!40101 SET character_set_client = @saved_cs_client */;

--
-- Dumping data for table `gmf_hole_his`
--

LOCK TABLES `gmf_hole_his` WRITE;
/*!40000 ALTER TABLE `gmf_hole_his` DISABLE KEYS */;
INSERT INTO `gmf_hole_his` VALUES (1,1,1,1,1,'DRV','APR',1,209.251),(2,1,1,2,1,'APR','PUT',1,41.4224),(3,1,1,3,1,'PUT','END',1,35.2694),(4,2,1,1,1,'DRV','APR',1,217.7),(5,2,1,2,1,'APR','PUT',1,45.347),(6,2,1,3,1,'PUT','END',1,36.9074),(7,3,1,1,1,'DRV','APR',1,210.913),(8,3,1,2,1,'APR','PUT',1,53.6134),(9,3,1,3,1,'PUT','END',1,46.5241),(10,4,1,1,1,'DRV','APR',1,218.208),(11,4,1,2,1,'APR','PUT',1,27.7155),(12,4,1,3,1,'PUT','END',1,50.2552),(13,5,1,1,1,'DRV','APR',1,236.329),(14,5,1,2,1,'APR','PUT',1,26.4877),(15,5,1,3,1,'PUT','END',1,33.695),(16,6,1,1,1,'DRV','PUT',1,286.873),(17,6,1,3,1,'PUT','END',1,59.4933),(18,7,1,1,1,'DRV','SEC',1,205.864),(19,7,1,2,1,'SEC','APR',1,45.127),(20,7,1,3,1,'APR','PUT',1,38.2775),(21,7,1,4,1,'PUT','END',1,42.6648),(22,8,1,1,1,'DRV','APR',1,292.18),(23,8,1,3,1,'APR','PUT',1,51.0895),(24,8,1,4,1,'PUT','END',1,50.3557),(25,9,1,1,1,'DRV','SEC',1,220.636),(26,9,1,2,1,'SEC','APR',1,30.9835),(27,9,1,3,1,'APR','PUT',1,58.7454),(28,9,1,4,1,'PUT','END',1,39.9654),(29,10,1,1,1,'DRV','SEC',1,227.414),(30,10,1,2,1,'SEC','PUT',1,41.3067),(31,10,1,4,1,'PUT','END',1,47.6976),(32,11,1,1,1,'DRV','SEC',1,207.836),(33,11,1,2,1,'SEC','END',1,48.5247),(34,12,1,1,1,'DRV','SEC',1,202.967),(35,12,1,2,1,'SEC','APR',1,48.5499),(36,12,1,3,1,'APR','END',1,37.3623),(37,13,1,1,1,'DRV','APR',1,236.13),(38,13,1,2,1,'APR','PUT',1,51.2808),(39,13,1,3,1,'PUT','END',1,59.7929),(40,14,1,1,1,'DRV','APR',1,237.64),(41,14,1,2,1,'APR','END',1,33.6455),(42,15,1,1,1,'DRV','PUT',1,281.575),(43,15,1,3,1,'WAT','WAT',1,0.88119),(44,15,1,3,1,'PUT','END',1,43.4853),(45,16,1,1,1,'DRV','APR',1,233.297),(46,16,1,2,1,'APR','PUT',1,21.1209),(47,16,1,3,1,'PUT','END',1,41.0187),(48,17,1,1,1,'DRV','APR',1,231.094),(49,17,1,2,1,'APR','PUT',1,39.9958),(50,17,1,3,1,'WAT','BUK',1,2.20941),(51,17,1,3,1,'PUT','END',1,31.0226),(52,18,1,1,1,'DRV','APR',1,230.374),(53,18,1,2,1,'APR','PUT',1,29.4581),(54,18,1,3,1,'PUT','END',1,36.349),(55,19,1,1,1,'DRV','SEC',1,221.539),(56,19,1,2,1,'SEC','APR',1,22.4893),(57,19,1,4,1,'APR','PUT',1,59.3715),(58,19,1,5,1,'PUT','END',1,33.9468),(59,20,1,1,1,'DRV','SEC',1,200.294),(60,20,1,2,1,'SEC','END',1,52.5514),(61,21,1,1,1,'DRV','APR',1,335.771),(62,21,1,4,1,'APR','PUT',1,55.022),(63,21,1,5,1,'PUT','END',1,27.3425),(64,22,1,1,1,'DRV','SEC',1,224.782),(65,22,1,2,1,'SEC','PUT',1,58.0805),(66,22,1,5,1,'PUT','END',1,22.8513),(67,23,1,1,1,'DRV','SEC',1,203.375),(68,23,1,2,1,'SEC','APR',1,53.8046),(69,23,1,4,1,'APR','PUT',1,27.8531),(70,23,1,5,1,'PUT','END',1,51.0297),(71,24,1,1,1,'DRV','APR',1,323.522),(72,24,1,4,1,'APR','PUT',1,29.4397),(73,24,1,5,1,'PUT','END',1,46.4961),(74,25,1,1,1,'DRV','SEC',1,206.042),(75,25,1,2,1,'SEC','THD',1,45.7474),(76,25,1,3,1,'THD','APR',1,51.1611),(77,25,1,4,1,'APR','PUT',1,49.6898),(78,25,1,5,1,'PUT','END',1,52.5897),(79,26,1,1,1,'DRV','SEC',1,200.275),(80,26,1,2,1,'SEC','PUT',1,45.5641),(81,26,1,5,1,'PUT','END',1,37.9824),(82,27,1,1,1,'DRV','THD',1,272.899),(83,27,1,3,1,'THD','APR',1,38.7138),(84,27,1,4,1,'APR','PUT',1,51.1354),(85,27,1,5,1,'PUT','END',1,50.1304),(86,28,1,1,1,'DRV','SEC',1,202.953),(87,28,1,2,1,'SEC','THD',1,59.7998),(88,28,1,3,1,'THD','PUT',1,39.4926),(89,28,1,5,1,'PUT','END',1,33.2947),(90,29,1,1,1,'DRV','SEC',1,203.33),(91,29,1,2,1,'SEC','THD',1,45.6534),(92,29,1,3,1,'THD','PUT',1,56.306),(93,29,1,5,1,'PUT','END',1,21.3563),(94,30,1,1,1,'DRV','PUT',1,380.75),(95,30,1,5,1,'PUT','END',1,41.7636),(96,31,1,1,1,'DRV','APR',1,204.534),(97,31,1,2,1,'APR','END',1,35.0727),(98,32,1,1,1,'DRV','APR',1,216.953),(99,32,1,2,1,'APR','PUT',1,40.7281),(100,32,1,3,1,'PUT','END',1,26.1811),(101,33,1,1,1,'DRV','APR',1,232.262),(102,33,1,2,1,'APR','END',1,30.8207),(103,34,1,1,1,'DRV','APR',1,228.18),(104,34,1,2,1,'APR','PUT',1,29.0324),(105,34,1,3,1,'PUT','END',1,51.3574),(106,35,1,1,1,'DRV','PUT',1,301.375),(107,35,1,4,1,'PUT','END',1,48.4233),(108,36,1,1,1,'DRV','SEC',1,219.34),(109,36,1,2,1,'SEC','APR',1,58.3524),(110,36,1,3,1,'APR','PUT',1,43.9232),(111,36,1,4,1,'PUT','END',1,50.0486),(112,37,1,1,1,'DRV','SEC',1,226.693),(113,37,1,2,1,'SEC','APR',1,39.7992),(114,37,1,3,1,'APR','PUT',1,32.2263),(115,37,1,4,1,'PUT','END',1,25.5103),(116,38,1,1,1,'DRV','SEC',1,207.589),(117,38,1,2,1,'SEC','APR',1,29.3367),(118,38,1,3,1,'APR','END',1,21.9354),(119,39,1,1,1,'DRV','APR',1,205.252),(120,39,1,2,1,'APR','PUT',1,30.5346),(121,39,1,3,1,'PUT','END',1,33.1859),(122,40,1,1,1,'DRV','APR',1,237.694),(123,40,1,2,1,'APR','PUT',1,22.5282),(124,40,1,3,1,'PUT','END',1,25.7615),(125,41,1,1,1,'WAT','BUK',1,2.38272),(126,41,1,1,1,'DRV','APR',1,221.026),(127,41,1,2,1,'APR','PUT',1,35.0945),(128,41,1,3,1,'PUT','END',1,28.7648),(129,42,1,1,1,'DRV','APR',1,220.029),(130,42,1,2,1,'APR','END',1,25.1849),(131,43,1,1,1,'DRV','SEC',1,200.374),(132,43,1,2,1,'SEC','THD',1,59.2842),(133,43,1,3,1,'THD','APR',1,31.8493),(134,43,1,4,1,'APR','END',1,46.6194),(135,44,1,1,1,'DRV','SEC',1,227.632),(136,44,1,2,1,'SEC','THD',1,43.9765),(137,44,1,3,1,'THD','APR',1,39.5447),(138,44,1,4,1,'APR','END',1,25.7707),(139,45,1,1,1,'DRV','SEC',1,225.174),(140,45,1,2,1,'SEC','THD',1,22.0202),(141,45,1,3,1,'THD','APR',1,22.0793),(142,45,1,4,1,'APR','PUT',1,53.6383),(143,45,1,5,1,'PUT','END',1,41.7408),(144,46,1,1,1,'DRV','PUT',1,407.684),(145,46,1,5,1,'PUT','END',1,47.3296),(146,47,1,1,1,'DRV','SEC',1,212.604),(147,47,1,2,1,'SEC','THD',1,47.4552),(148,47,1,3,1,'THD','APR',1,50.3358),(149,47,1,4,1,'APR','PUT',1,38.0505),(150,47,1,5,1,'PUT','END',1,54.7053),(151,48,1,1,1,'BUK','BUK',1,0.24798),(152,48,1,1,1,'WAT','BUK',1,3.3232),(153,48,1,1,1,'DRV','SEC',1,200.647),(154,48,1,2,1,'SEC','THD',1,52.7952),(155,48,1,3,1,'THD','APR',1,55.9776),(156,48,1,4,1,'APR','PUT',1,54.4438),(157,48,1,5,1,'PUT','END',1,41.2128),(158,49,1,1,1,'DRV','SEC',1,206.506),(159,49,1,2,1,'SEC','THD',1,30.2277),(160,49,1,3,1,'THD','APR',1,25.1324),(161,49,1,4,1,'APR','PUT',1,59.0095),(162,49,1,5,1,'PUT','END',1,47.1218),(163,50,1,1,1,'DRV','THD',1,286.849),(164,50,1,3,1,'THD','END',1,23.1272),(165,51,1,1,1,'DRV','APR',1,238.69),(166,51,1,2,1,'APR','PUT',1,29.1309),(167,51,1,3,1,'PUT','END',1,40.8033),(168,52,1,1,1,'DRV','APR',1,205.028),(169,52,1,2,1,'APR','END',1,22.0371),(170,53,1,1,1,'DRV','APR',1,235.3),(171,53,1,2,1,'APR','PUT',1,45.3387),(172,53,1,3,1,'PUT','END',1,29.9598),(173,54,1,1,1,'DRV','APR',1,219.394),(174,54,1,2,1,'APR','PUT',1,31.4891),(175,54,1,3,1,'PUT','END',1,43.4831),(176,55,1,1,1,'DRV','APR',1,212.407),(177,55,1,2,1,'APR','PUT',1,48.6367),(178,55,1,3,1,'PUT','END',1,20.1101),(179,56,1,1,1,'DRV','APR',1,213.849),(180,56,1,2,1,'APR','PUT',1,25.1931),(181,56,1,3,1,'PUT','END',1,22.7555),(182,57,1,1,1,'DRV','SEC',1,225.207),(183,57,1,2,1,'SEC','APR',1,40.696),(184,57,1,3,1,'APR','PUT',1,52.3509),(185,57,1,4,1,'PUT','END',1,23.8347),(186,58,1,1,1,'DRV','SEC',1,202.739),(187,58,1,2,1,'SEC','APR',1,58.2882),(188,58,1,3,1,'APR','PUT',1,55.347),(189,58,1,4,1,'PUT','END',1,31.7653),(190,59,1,1,1,'DRV','PUT',1,311.062),(191,59,1,4,1,'PUT','END',1,49.288),(192,60,1,1,1,'DRV','SEC',1,208.345),(193,60,1,2,1,'SEC','APR',1,22.162),(194,60,1,3,1,'APR','PUT',1,27.9941),(195,60,1,4,1,'PUT','END',1,31.5726),(196,61,1,1,1,'DRV','SEC',1,207.537),(197,61,1,2,1,'SEC','APR',1,25.4136),(198,61,1,3,1,'APR','PUT',1,38.4859),(199,61,1,4,1,'PUT','END',1,24.863),(200,62,1,1,1,'DRV','SEC',1,213.307),(201,62,1,2,1,'SEC','APR',1,57.5201),(202,62,1,3,1,'APR','END',1,29.2739),(203,63,1,1,1,'DRV','APR',1,209.287),(204,63,1,2,1,'APR','END',1,49.1941),(205,64,1,1,1,'DRV','APR',1,224.966),(206,64,1,2,1,'APR','PUT',1,38.0075),(207,64,1,3,1,'PUT','END',1,49.5846),(208,65,1,1,1,'DRV','APR',1,219.742),(209,65,1,2,1,'APR','PUT',1,58.1429),(210,65,1,3,1,'PUT','END',1,20.2877),(211,66,1,1,1,'DRV','APR',1,221.87),(212,66,1,2,1,'APR','END',1,28.619),(213,67,1,1,1,'DRV','APR',1,224.946),(214,67,1,2,1,'APR','PUT',1,26.5319),(215,67,1,3,1,'PUT','END',1,50.2858),(216,68,1,1,1,'DRV','APR',1,208.239),(217,68,1,2,1,'APR','PUT',1,23.2033),(218,68,1,3,1,'PUT','END',1,36.3283),(219,69,1,1,1,'DRV','APR',1,223.155),(220,69,1,2,1,'APR','PUT',1,41.2846),(221,69,1,3,1,'PUT','END',1,22.8894),(222,70,1,1,1,'DRV','APR',1,233.77),(223,70,1,2,1,'APR','PUT',1,31.9218),(224,70,1,3,1,'PUT','END',1,32.8227),(225,71,1,1,1,'DRV','APR',1,206.209),(226,71,1,2,1,'APR','PUT',1,30.0833),(227,71,1,3,1,'PUT','END',1,50.1049),(228,72,1,1,1,'DRV','APR',1,229.783),(229,72,1,2,1,'APR','END',1,59.3797),(230,73,1,1,1,'DRV','APR',1,219.66),(231,73,1,2,1,'APR','END',1,33.9651),(232,74,1,1,1,'DRV','APR',1,219.424),(233,74,1,2,1,'APR','PUT',1,45.2834),(234,74,1,3,1,'PUT','END',1,37.3653),(235,75,1,1,1,'DRV','APR',1,235.867),(236,75,1,2,1,'APR','PUT',1,46.5207),(237,75,1,3,1,'PUT','END',1,23.5711),(238,76,1,1,1,'DRV','PUT',1,287.238),(239,76,1,3,1,'PUT','END',1,26.9858),(240,77,1,1,1,'DRV','PUT',1,265.397),(241,77,1,3,1,'PUT','END',1,56.6864),(242,78,1,1,1,'DRV','APR',1,231.82),(243,78,1,2,1,'APR','PUT',1,27.8521),(244,78,1,3,1,'PUT','END',1,22.7874),(245,79,1,1,1,'DRV','APR',1,226.287),(246,79,1,2,1,'APR','PUT',1,44.8538),(247,79,1,3,1,'PUT','END',1,21.6436),(248,80,1,1,1,'DRV','APR',1,230.912),(249,80,1,2,1,'APR','END',1,50.2214),(250,81,1,1,1,'DRV','END',1,202.982),(251,82,1,1,1,'DRV','APR',1,232.019),(252,82,1,2,1,'APR','PUT',1,54.0927),(253,82,1,3,1,'PUT','END',1,29.3189),(254,83,1,1,1,'DRV','SEC',1,207.785),(255,83,1,2,1,'SEC','APR',1,41.1224),(256,83,1,3,1,'APR','PUT',1,51.3564),(257,83,1,4,1,'PUT','END',1,37.7381),(258,84,1,1,1,'DRV','SEC',1,209.866),(259,84,1,2,1,'SEC','PUT',1,25.6003),(260,84,1,4,1,'PUT','END',1,52.7984),(261,85,1,1,1,'DRV','SEC',1,210.06),(262,85,1,2,1,'SEC','APR',1,33.4343),(263,85,1,3,1,'APR','PUT',1,40.0951),(264,85,1,4,1,'PUT','END',1,30.3389),(265,86,1,1,1,'DRV','SEC',1,229.088),(266,86,1,2,1,'SEC','APR',1,49.151),(267,86,1,3,1,'APR','PUT',1,30.4458),(268,86,1,4,1,'PUT','END',1,29.8896),(269,87,1,1,1,'DRV','END',1,221.869),(270,88,1,1,1,'DRV','SEC',1,229.114),(271,88,1,2,1,'SEC','APR',1,51.2317),(272,88,1,3,1,'WAT','WAT',1,4.74114),(273,88,1,3,1,'BUK','BUK',1,4.97608),(274,88,1,3,1,'APR','PUT',1,58.1929),(275,88,1,4,1,'PUT','END',1,29.5024),(276,89,1,1,1,'DRV','SEC',1,200.633),(277,89,1,2,1,'SEC','APR',1,25.2165),(278,89,1,3,1,'APR','PUT',1,46.7886),(279,89,1,4,1,'PUT','END',1,24.2653),(280,90,1,1,1,'DRV','APR',1,270.584),(281,90,1,3,1,'APR','PUT',1,34.9225),(282,90,1,4,1,'PUT','END',1,45.1543),(283,91,1,1,1,'DRV','SEC',1,222.76),(284,91,1,2,1,'SEC','APR',1,31.3313),(285,91,1,3,1,'APR','PUT',1,41.4214),(286,91,1,4,1,'PUT','END',1,47.8846),(287,92,1,1,1,'DRV','SEC',1,228.274),(288,92,1,2,1,'SEC','APR',1,50.0554),(289,92,1,3,1,'APR','PUT',1,22.4718),(290,92,1,4,1,'PUT','END',1,46.0284),(291,93,1,1,1,'DRV','SEC',1,211.5),(292,93,1,2,1,'SEC','APR',1,57.969),(293,93,1,3,1,'APR','PUT',1,41.9559),(294,93,1,4,1,'PUT','END',1,57.4131),(295,94,1,1,1,'DRV','APR',1,294.349),(296,94,1,3,1,'APR','PUT',1,30.1797),(297,94,1,4,1,'PUT','END',1,28.4787),(298,95,1,1,1,'DRV','SEC',1,210.051),(299,95,1,2,1,'SEC','APR',1,47.6178),(300,95,1,3,1,'APR','PUT',1,44.2594),(301,95,1,4,1,'PUT','END',1,33.5268),(302,96,1,1,1,'DRV','SEC',1,209.957),(303,96,1,2,1,'SEC','APR',1,41.3645),(304,96,1,3,1,'APR','END',1,50.8933),(305,97,1,1,1,'DRV','END',1,225.516),(306,98,1,1,1,'DRV','APR',1,219.384),(307,98,1,2,1,'APR','PUT',1,26.025),(308,98,1,3,1,'PUT','END',1,27.1041),(309,99,1,1,1,'DRV','APR',1,237.649),(310,99,1,2,1,'APR','PUT',1,31.8892),(311,99,1,3,1,'PUT','END',1,54.0969),(312,100,1,1,1,'DRV','END',1,227.366),(313,101,1,1,1,'BUK','WAT',1,1.90389),(314,101,1,1,1,'DRV','APR',1,216.383),(315,101,1,2,1,'APR','END',1,32.2332),(316,102,1,1,1,'DRV','END',1,218.467),(317,103,1,1,1,'DRV','APR',1,219.64),(318,103,1,2,1,'APR','PUT',1,27.8656),(319,103,1,3,1,'PUT','END',1,46.4373),(320,104,1,1,1,'DRV','PUT',1,287.876),(321,104,1,3,1,'PUT','END',1,41.8854),(322,105,1,1,1,'DRV','APR',1,200.256),(323,105,1,2,1,'APR','PUT',1,31.1734),(324,105,1,3,1,'BUK','BUK',1,1.52694),(325,105,1,3,1,'PUT','END',1,37.68),(326,106,1,1,1,'DRV','APR',1,232.893),(327,106,1,2,1,'APR','PUT',1,41.1589),(328,106,1,3,1,'PUT','END',1,38.3747),(329,107,1,1,1,'DRV','APR',1,222.654),(330,107,1,2,1,'APR','END',1,33.5409),(331,108,1,1,1,'DRV','APR',1,209.696),(332,108,1,2,1,'APR','PUT',1,20.6068),(333,108,1,3,1,'PUT','END',1,54.2917),(334,109,1,1,1,'DRV','APR',1,232.261),(335,109,1,2,1,'APR','PUT',1,36.5623),(336,109,1,3,1,'PUT','END',1,41.6118),(337,110,1,1,1,'DRV','APR',1,237.535),(338,110,1,2,1,'BUK','BUK',1,1.78804),(339,110,1,2,1,'APR','PUT',1,49.6087),(340,110,1,3,1,'PUT','END',1,28.6621),(341,111,1,1,1,'DRV','SEC',1,223.225),(342,111,1,2,1,'SEC','APR',1,58.0469),(343,111,1,4,1,'APR','PUT',1,26.7213),(344,111,1,5,1,'PUT','END',1,54.3566),(345,112,1,1,1,'DRV','SEC',1,223.536),(346,112,1,2,1,'SEC','THD',1,47.4512),(347,112,1,3,1,'THD','PUT',1,29.7941),(348,112,1,5,1,'PUT','END',1,52.8988),(349,113,1,1,1,'DRV','SEC',1,219.535),(350,113,1,2,1,'SEC','THD',1,29.8921),(351,113,1,3,1,'THD','APR',1,37.8486),(352,113,1,4,1,'APR','PUT',1,21.6046),(353,113,1,5,1,'PUT','END',1,25.2226),(354,114,1,1,1,'DRV','SEC',1,218.301),(355,114,1,2,1,'SEC','APR',1,51.2078),(356,114,1,4,1,'APR','PUT',1,30.2535),(357,114,1,5,1,'PUT','END',1,59.1648),(358,115,1,1,1,'DRV','SEC',1,221.47),(359,115,1,2,1,'BUK','WAT',1,3.03143),(360,115,1,2,1,'SEC','THD',1,21.6482),(361,115,1,3,1,'THD','PUT',1,46.3938),(362,115,1,5,1,'PUT','END',1,45.0362),(363,116,1,1,1,'DRV','SEC',1,207.926),(364,116,1,2,1,'SEC','THD',1,45.5462),(365,116,1,3,1,'THD','APR',1,56.5139),(366,116,1,4,1,'APR','PUT',1,36.9998),(367,116,1,5,1,'PUT','END',1,28.6558),(368,117,1,1,1,'DRV','SEC',1,212.618),(369,117,1,2,1,'SEC','THD',1,51.97),(370,117,1,3,1,'THD','APR',1,35.463),(371,117,1,4,1,'APR','PUT',1,50.5777),(372,117,1,5,1,'PUT','END',1,44.292),(373,118,1,1,1,'DRV','APR',1,323.872),(374,118,1,4,1,'APR','PUT',1,56.4005),(375,118,1,5,1,'PUT','END',1,28.0486),(376,119,1,1,1,'DRV','SEC',1,204.101),(377,119,1,2,1,'SEC','THD',1,56.5628),(378,119,1,3,1,'THD','APR',1,39.8083),(379,119,1,4,1,'APR','PUT',1,44.4335),(380,119,1,5,1,'PUT','END',1,21.615),(381,120,1,1,1,'DRV','SEC',1,206.23),(382,120,1,2,1,'SEC','THD',1,20.8564),(383,120,1,3,1,'THD','PUT',1,46.9379),(384,120,1,5,1,'PUT','END',1,53.6504),(385,121,1,1,1,'DRV','SEC',1,210.668),(386,121,1,2,1,'SEC','APR',1,52.3363),(387,121,1,4,1,'APR','PUT',1,53.3962),(388,121,1,5,1,'PUT','END',1,40.0119),(389,122,1,1,1,'DRV','THD',1,260.13),(390,122,1,3,1,'THD','APR',1,29.3736),(391,122,1,4,1,'APR','PUT',1,46.2268),(392,122,1,5,1,'PUT','END',1,29.7409),(393,123,1,1,1,'DRV','THD',1,292.955),(394,123,1,3,1,'THD','APR',1,21.4136),(395,123,1,4,1,'APR','PUT',1,37.5909),(396,123,1,5,1,'PUT','END',1,43.0299),(397,124,1,1,1,'DRV','SEC',1,225.631),(398,124,1,2,1,'SEC','THD',1,59.8781),(399,124,1,3,1,'THD','APR',1,49.9027),(400,124,1,4,1,'APR','PUT',1,26.2888),(401,124,1,5,1,'PUT','END',1,51.9665),(402,125,1,1,1,'DRV','SEC',1,223.535),(403,125,1,2,1,'SEC','THD',1,58.3357),(404,125,1,3,1,'THD','APR',1,25.495),(405,125,1,4,1,'APR','PUT',1,21.8162),(406,125,1,5,1,'PUT','END',1,57.6105),(407,126,1,1,1,'DRV','SEC',1,207.249),(408,126,1,2,1,'SEC','THD',1,57.2789),(409,126,1,3,1,'THD','APR',1,35.3388),(410,126,1,4,1,'APR','PUT',1,57.8015),(411,126,1,5,1,'PUT','END',1,47.7034),(412,127,1,1,1,'DRV','SEC',1,202.057),(413,127,1,2,1,'SEC','THD',1,44.635),(414,127,1,3,1,'THD','PUT',1,59.5776),(415,127,1,5,1,'PUT','END',1,22.8113),(416,128,1,1,1,'DRV','SEC',1,212.668),(417,128,1,2,1,'SEC','APR',1,51.1408),(418,128,1,4,1,'APR','PUT',1,46.2103),(419,128,1,5,1,'PUT','END',1,22.5086),(420,129,1,1,1,'DRV','SEC',1,229.496),(421,129,1,2,1,'SEC','APR',1,33.2898),(422,129,1,4,1,'APR','PUT',1,44.4036),(423,129,1,5,1,'PUT','END',1,45.2641),(424,130,1,1,1,'DRV','SEC',1,213.683),(425,130,1,2,1,'SEC','THD',1,56.8324),(426,130,1,3,1,'THD','APR',1,30.8264),(427,130,1,4,1,'APR','PUT',1,57.5764),(428,130,1,5,1,'PUT','END',1,40.2906),(429,131,1,1,1,'DRV','SEC',1,205.385),(430,131,1,2,1,'SEC','THD',1,42.2958),(431,131,1,3,1,'THD','PUT',1,25.6454),(432,131,1,5,1,'PUT','END',1,33.8677),(433,132,1,1,1,'DRV','SEC',1,229.253),(434,132,1,2,1,'SEC','THD',1,43.5359),(435,132,1,3,1,'THD','APR',1,45.5999),(436,132,1,4,1,'APR','PUT',1,29.7574),(437,132,1,5,1,'PUT','END',1,48.7875),(438,133,1,1,1,'DRV','SEC',1,229.522),(439,133,1,2,1,'SEC','THD',1,23.4831),(440,133,1,3,1,'THD','APR',1,46.1349),(441,133,1,4,1,'APR','PUT',1,47.0094),(442,133,1,5,1,'PUT','END',1,53.9221),(443,134,1,1,1,'DRV','SEC',1,221.368),(444,134,1,2,1,'SEC','THD',1,52.1815),(445,134,1,3,1,'THD','PUT',1,24.1228),(446,134,1,5,1,'PUT','END',1,34.5779),(447,135,1,1,1,'DRV','SEC',1,220.508),(448,135,1,2,1,'SEC','THD',1,53.2627),(449,135,1,3,1,'THD','END',1,40.0519),(450,136,1,1,1,'DRV','SEC',1,210.171),(451,136,1,2,1,'SEC','THD',1,48.8049),(452,136,1,3,1,'THD','APR',1,26.7598),(453,136,1,4,1,'APR','PUT',1,53.4909),(454,136,1,5,1,'PUT','END',1,58.5192),(455,137,1,1,1,'DRV','SEC',1,224.83),(456,137,1,2,1,'SEC','THD',1,20.4503),(457,137,1,3,1,'THD','APR',1,45.093),(458,137,1,4,1,'APR','PUT',1,32.0071),(459,137,1,5,1,'PUT','END',1,45.4015),(460,138,1,1,1,'DRV','SEC',1,214.063),(461,138,1,2,1,'SEC','THD',1,42.618),(462,138,1,3,1,'THD','APR',1,24.589),(463,138,1,4,1,'APR','PUT',1,29.3724),(464,138,1,5,1,'PUT','END',1,36.4098),(465,139,1,1,1,'DRV','APR',1,235.681),(466,139,1,2,1,'APR','END',1,26.0788),(467,140,1,1,1,'DRV','END',1,207.75),(468,141,1,1,1,'WAT','WAT',1,2.6709),(469,141,1,1,1,'DRV','APR',1,214.841),(470,141,1,2,1,'APR','PUT',1,37.4496),(471,141,1,3,1,'PUT','END',1,27.4455),(472,142,1,1,1,'DRV','SEC',1,225.615),(473,142,1,2,1,'SEC','APR',1,41.9719),(474,142,1,3,1,'APR','PUT',1,34.4857),(475,142,1,4,1,'PUT','END',1,32.5788),(476,143,1,1,1,'DRV','PUT',1,340.215),(477,143,1,4,1,'PUT','END',1,41.4905),(478,144,1,1,1,'DRV','SEC',1,207.266),(479,144,1,2,1,'SEC','PUT',1,40.332),(480,144,1,4,1,'PUT','END',1,57.8258),(481,145,1,1,1,'DRV','APR',1,216.801),(482,145,1,2,1,'APR','PUT',1,37.2215),(483,145,1,3,1,'PUT','END',1,57.7964),(484,146,1,1,1,'DRV','APR',1,230.744),(485,146,1,2,1,'APR','PUT',1,47.0418),(486,146,1,3,1,'PUT','END',1,22.9831),(487,147,1,1,1,'DRV','APR',1,206.001),(488,147,1,2,1,'APR','END',1,54.1965),(489,148,1,1,1,'DRV','SEC',1,215.989),(490,148,1,2,1,'SEC','THD',1,21.2838),(491,148,1,3,1,'THD','APR',1,39.057),(492,148,1,4,1,'APR','END',1,55.1396),(493,149,1,1,1,'DRV','SEC',1,205.507),(494,149,1,2,1,'SEC','THD',1,36.1489),(495,149,1,3,1,'THD','APR',1,37.9281),(496,149,1,4,1,'APR','END',1,47.8768),(497,150,1,1,1,'DRV','SEC',1,215.719),(498,150,1,2,1,'SEC','THD',1,49.3186),(499,150,1,3,1,'THD','END',1,30.4104),(500,151,1,1,1,'BUK','WAT',1,1.779),(501,151,1,1,1,'WAT','BUK',1,2.48539),(502,151,1,1,1,'BUK','BUK',1,4.94809),(503,151,1,1,1,'DRV','SEC',1,200.646),(504,151,1,2,1,'SEC','THD',1,42.4648),(505,151,1,3,1,'THD','APR',1,31.4519),(506,151,1,4,1,'APR','PUT',1,25.7565),(507,151,1,5,1,'PUT','END',1,47.0547),(508,152,1,1,1,'DRV','SEC',1,229.519),(509,152,1,2,1,'SEC','THD',1,29.8804),(510,152,1,3,1,'THD','APR',1,40.1658),(511,152,1,4,1,'APR','PUT',1,25.7253),(512,152,1,5,1,'PUT','END',1,51.2084),(513,153,1,1,1,'DRV','PUT',1,380.532),(514,153,1,5,1,'PUT','END',1,56.0191),(515,154,1,1,1,'DRV','APR',1,219.607),(516,154,1,2,1,'APR','PUT',1,22.3671),(517,154,1,3,1,'PUT','END',1,34.6329),(518,155,1,1,1,'WAT','BUK',1,2.49744),(519,155,1,1,1,'DRV','APR',1,236.471),(520,155,1,2,1,'APR','PUT',1,31.0453),(521,155,1,3,1,'PUT','END',1,33.5031),(522,156,1,1,1,'DRV','PUT',1,278.368),(523,156,1,3,1,'PUT','END',1,32.1877),(524,157,1,1,1,'DRV','APR',1,213.739),(525,157,1,2,1,'APR','PUT',1,55.0184),(526,157,1,3,1,'PUT','END',1,22.8864),(527,158,1,1,1,'DRV','APR',1,207.541),(528,158,1,2,1,'APR','PUT',1,40.0901),(529,158,1,3,1,'BUK','WAT',1,3.94718),(530,158,1,3,1,'PUT','END',1,49.7564),(531,159,1,1,1,'DRV','APR',1,219.118),(532,159,1,2,1,'APR','PUT',1,46.3957),(533,159,1,3,1,'PUT','END',1,38.8345),(534,160,1,1,1,'DRV','PUT',1,286.407),(535,160,1,3,1,'PUT','END',1,23.4513),(536,161,1,1,1,'DRV','APR',1,200.891),(537,161,1,2,1,'APR','PUT',1,42.2336),(538,161,1,3,1,'PUT','END',1,28.1639),(539,162,1,1,1,'DRV','PUT',1,263.401),(540,162,1,3,1,'PUT','END',1,25.7852),(541,163,1,1,1,'DRV','END',1,229.836),(542,164,1,1,1,'DRV','APR',1,209.118),(543,164,1,2,1,'APR','PUT',1,34.8457),(544,164,1,3,1,'PUT','END',1,46.7409),(545,165,1,1,1,'DRV','SEC',1,207.226),(546,165,1,2,1,'SEC','APR',1,39.2164),(547,165,1,3,1,'APR','PUT',1,40.3138),(548,165,1,4,1,'PUT','END',1,54.5777),(549,166,1,1,1,'DRV','SEC',1,212.746),(550,166,1,2,1,'SEC','APR',1,21.9269),(551,166,1,3,1,'APR','PUT',1,53.5269),(552,166,1,4,1,'PUT','END',1,33.2484),(553,167,1,1,1,'DRV','SEC',1,207.04),(554,167,1,2,1,'SEC','APR',1,40.376),(555,167,1,3,1,'APR','PUT',1,54.5338),(556,167,1,4,1,'PUT','END',1,51.9939),(557,168,1,1,1,'DRV','END',1,224.987),(558,169,1,1,1,'DRV','SEC',1,212.559),(559,169,1,2,1,'SEC','APR',1,34.5704),(560,169,1,3,1,'APR','END',1,36.2261),(561,170,1,1,1,'DRV','SEC',1,220.808),(562,170,1,2,1,'SEC','PUT',1,55.58),(563,170,1,4,1,'PUT','END',1,37.4345),(564,171,1,1,1,'DRV','SEC',1,217.349),(565,171,1,2,1,'SEC','APR',1,23.3963),(566,171,1,3,1,'APR','PUT',1,24.8328),(567,171,1,4,1,'PUT','END',1,40.86),(568,172,1,1,1,'DRV','APR',1,293.823),(569,172,1,3,1,'APR','PUT',1,36.851),(570,172,1,4,1,'PUT','END',1,56.8196),(571,173,1,1,1,'DRV','SEC',1,209.549),(572,173,1,2,1,'SEC','APR',1,21.5332),(573,173,1,3,1,'APR','PUT',1,54.8406),(574,173,1,4,1,'PUT','END',1,53.6462),(575,174,1,1,1,'DRV','SEC',1,220.77),(576,174,1,2,1,'SEC','END',1,32.1368),(577,175,1,1,1,'DRV','SEC',1,227.615),(578,175,1,2,1,'SEC','APR',1,42.1095),(579,175,1,3,1,'APR','PUT',1,54.8354),(580,175,1,4,1,'PUT','END',1,47.987),(581,176,1,1,1,'DRV','APR',1,231.03),(582,176,1,2,1,'APR','PUT',1,41.3957),(583,176,1,3,1,'PUT','END',1,37.0885),(584,177,1,1,1,'DRV','APR',1,202.48),(585,177,1,2,1,'BUK','BUK',1,1.37291),(586,177,1,2,1,'APR','PUT',1,45.1683),(587,177,1,3,1,'PUT','END',1,42.1639),(588,178,1,1,1,'DRV','APR',1,202.767),(589,178,1,2,1,'APR','PUT',1,30.1095),(590,178,1,3,1,'PUT','END',1,40.7627),(591,179,1,1,1,'DRV','PUT',1,283.957),(592,179,1,3,1,'PUT','END',1,27.2644),(593,180,1,1,1,'DRV','PUT',1,286.486),(594,180,1,3,1,'PUT','END',1,25.6275),(595,181,1,1,1,'DRV','APR',1,208.856),(596,181,1,2,1,'APR','PUT',1,45.8505),(597,181,1,3,1,'PUT','END',1,56.6212),(598,182,1,1,1,'DRV','APR',1,229.487),(599,182,1,2,1,'APR','PUT',1,26.6447),(600,182,1,3,1,'PUT','END',1,38.0178),(601,183,1,1,1,'DRV','PUT',1,271.129),(602,183,1,3,1,'PUT','END',1,23.0332),(603,184,1,1,1,'DRV','APR',1,222.302),(604,184,1,2,1,'APR','PUT',1,39.6121),(605,184,1,3,1,'PUT','END',1,47.4758),(606,185,1,1,1,'DRV','PUT',1,286.713),(607,185,1,3,1,'PUT','END',1,37.4798),(608,186,1,1,1,'DRV','APR',1,234.464),(609,186,1,2,1,'APR','PUT',1,29.6043),(610,186,1,3,1,'PUT','END',1,41.5847),(611,187,1,1,1,'DRV','SEC',1,214.361),(612,187,1,2,1,'SEC','THD',1,52.8387),(613,187,1,3,1,'THD','APR',1,42.7363),(614,187,1,4,1,'APR','END',1,21.5455),(615,188,1,1,1,'DRV','APR',1,314.547),(616,188,1,4,1,'APR','END',1,53.9141),(617,189,1,1,1,'DRV','SEC',1,229.686),(618,189,1,2,1,'SEC','THD',1,24.7814),(619,189,1,3,1,'THD','APR',1,48.8649),(620,189,1,4,1,'APR','PUT',1,50.6454),(621,189,1,5,1,'PUT','END',1,50.8902),(622,190,1,1,1,'DRV','SEC',1,208.447),(623,190,1,2,1,'SEC','APR',1,20.3999),(624,190,1,4,1,'APR','END',1,40.2214),(625,191,1,1,1,'DRV','SEC',1,202.44),(626,191,1,2,1,'SEC','THD',1,51.7188),(627,191,1,3,1,'THD','APR',1,46.7192),(628,191,1,4,1,'APR','PUT',1,34.6036),(629,191,1,5,1,'PUT','END',1,46.377),(630,192,1,1,1,'DRV','THD',1,281.338),(631,192,1,3,1,'THD','APR',1,47.7748),(632,192,1,4,1,'APR','PUT',1,32.747),(633,192,1,5,1,'PUT','END',1,48.232),(634,193,1,1,1,'DRV','SEC',1,229.81),(635,193,1,2,1,'SEC','THD',1,54.3904),(636,193,1,3,1,'THD','APR',1,33.5691),(637,193,1,4,1,'APR','END',1,58.4037),(638,194,1,1,1,'DRV','SEC',1,229.513),(639,194,1,2,1,'SEC','APR',1,49.9326),(640,194,1,4,1,'APR','PUT',1,57.1295),(641,194,1,5,1,'PUT','END',1,42.8011),(642,195,1,1,1,'DRV','SEC',1,205.242),(643,195,1,2,1,'SEC','THD',1,45.1132),(644,195,1,3,1,'THD','APR',1,53.7211),(645,195,1,4,1,'APR','PUT',1,41.6698),(646,195,1,5,1,'PUT','END',1,20.1896),(647,196,1,1,1,'DRV','SEC',1,206.148),(648,196,1,2,1,'SEC','THD',1,54.2447),(649,196,1,3,1,'THD','APR',1,25.7761),(650,196,1,4,1,'APR','PUT',1,29.1671),(651,196,1,5,1,'PUT','END',1,21.5277),(652,197,1,1,1,'DRV','SEC',1,207.221),(653,197,1,2,1,'SEC','APR',1,35.0414),(654,197,1,4,1,'APR','PUT',1,53.5297),(655,197,1,5,1,'PUT','END',1,23.9557),(656,198,1,1,1,'DRV','SEC',1,213.581),(657,198,1,2,1,'SEC','APR',1,55.4891),(658,198,1,4,1,'APR','PUT',1,48.736),(659,198,1,5,1,'PUT','END',1,28.615),(660,199,1,1,1,'DRV','SEC',1,212.478),(661,199,1,2,1,'SEC','THD',1,51.7393),(662,199,1,3,1,'THD','APR',1,35.2138),(663,199,1,4,1,'APR','PUT',1,49.9411),(664,199,1,5,1,'PUT','END',1,39.2328),(665,200,1,1,1,'DRV','SEC',1,213.08),(666,200,1,2,1,'SEC','THD',1,31.7449),(667,200,1,3,1,'THD','APR',1,20.0304),(668,200,1,4,1,'APR','PUT',1,59.4624),(669,200,1,5,1,'PUT','END',1,33.3458),(670,201,1,1,1,'DRV','APR',1,318.013),(671,201,1,4,1,'APR','PUT',1,56.1182),(672,201,1,5,1,'PUT','END',1,55.7502),(673,202,1,1,1,'DRV','THD',1,285.65),(674,202,1,3,1,'THD','APR',1,59.2163),(675,202,1,4,1,'APR','PUT',1,32.0762),(676,202,1,5,1,'PUT','END',1,55.3676),(677,203,1,1,1,'DRV','PUT',1,364.979),(678,203,1,5,1,'PUT','END',1,27.1628),(679,204,1,1,1,'DRV','APR',1,323.329),(680,204,1,4,1,'APR','PUT',1,50.8465),(681,204,1,5,1,'PUT','END',1,42.0484),(682,205,1,1,1,'DRV','SEC',1,208.987),(683,205,1,2,1,'SEC','THD',1,47.6658),(684,205,1,3,1,'THD','APR',1,32.1672),(685,205,1,4,1,'APR','PUT',1,38.9733),(686,205,1,5,1,'PUT','END',1,32.9193),(687,206,1,1,1,'DRV','SEC',1,208.922),(688,206,1,2,1,'BUK','BUK',1,2.65177),(689,206,1,2,1,'WAT','WAT',1,0.309217),(690,206,1,2,1,'SEC','THD',1,42.6909),(691,206,1,3,1,'THD','END',1,31.6387),(692,207,1,1,1,'DRV','SEC',1,224.421),(693,207,1,2,1,'SEC','THD',1,25.1459),(694,207,1,3,1,'THD','APR',1,41.0332),(695,207,1,4,1,'APR','PUT',1,22.4205),(696,207,1,5,1,'PUT','END',1,54.604),(697,208,1,1,1,'DRV','APR',1,348.235),(698,208,1,4,1,'APR','END',1,29.9397),(699,209,1,1,1,'DRV','APR',1,200.146),(700,209,1,2,1,'APR','END',1,44.5081),(701,210,1,1,1,'DRV','APR',1,213.34),(702,210,1,2,1,'APR','END',1,53.7395),(703,211,1,1,1,'DRV','PUT',1,260.992),(704,211,1,3,1,'BUK','WAT',1,4.5909),(705,211,1,3,1,'BUK','BUK',1,2.69659),(706,211,1,3,1,'PUT','END',1,51.2012),(707,212,1,1,1,'DRV','APR',1,221.016),(708,212,1,2,1,'APR','PUT',1,27.0632),(709,212,1,3,1,'PUT','END',1,59.1747),(710,213,1,1,1,'DRV','APR',1,222.509),(711,213,1,2,1,'APR','END',1,51.0775),(712,214,1,1,1,'DRV','APR',1,231.73),(713,214,1,2,1,'APR','PUT',1,53.383),(714,214,1,3,1,'PUT','END',1,53.3109),(715,215,1,1,1,'DRV','APR',1,215.124),(716,215,1,2,1,'APR','PUT',1,50.6705),(717,215,1,3,1,'PUT','END',1,59.4505),(718,216,1,1,1,'DRV','PUT',1,261.9),(719,216,1,3,1,'PUT','END',1,57.8221),(720,217,1,1,1,'DRV','END',1,213.36),(721,218,1,1,1,'DRV','APR',1,204.838),(722,218,1,2,1,'APR','PUT',1,22.6441),(723,218,1,3,1,'PUT','END',1,33.8967),(724,219,1,1,1,'DRV','END',1,221.845),(725,220,1,1,1,'DRV','APR',1,267.803),(726,220,1,3,1,'APR','PUT',1,23.697),(727,220,1,4,1,'PUT','END',1,48.6147),(728,221,1,1,1,'DRV','SEC',1,204.155),(729,221,1,2,1,'SEC','APR',1,34.6212),(730,221,1,3,1,'APR','END',1,48.0713),(731,222,1,1,1,'DRV','SEC',1,203.79),(732,222,1,2,1,'SEC','APR',1,26.5894),(733,222,1,3,1,'APR','PUT',1,28.9564),(734,222,1,4,1,'PUT','END',1,42.6562),(735,223,1,1,1,'DRV','PUT',1,311.413),(736,223,1,4,1,'PUT','END',1,20.7599),(737,224,1,1,1,'DRV','SEC',1,211.44),(738,224,1,2,1,'WAT','BUK',1,2.16299),(739,224,1,2,1,'SEC','APR',1,56.7271),(740,224,1,3,1,'APR','PUT',1,20.9287),(741,224,1,4,1,'PUT','END',1,35.9733),(742,225,1,1,1,'DRV','SEC',1,200.565),(743,225,1,2,1,'SEC','APR',1,45.3401),(744,225,1,3,1,'APR','END',1,23.4605),(745,226,1,1,1,'DRV','APR',1,294.432),(746,226,1,3,1,'APR','PUT',1,51.3346),(747,226,1,4,1,'PUT','END',1,37.4171),(748,227,1,1,1,'BUK','BUK',1,3.09),(749,227,1,1,1,'DRV','SEC',1,213.011),(750,227,1,2,1,'SEC','APR',1,22.9288),(751,227,1,3,1,'APR','END',1,40.4942),(752,228,1,1,1,'DRV','SEC',1,210.062),(753,228,1,2,1,'SEC','APR',1,22.6618),(754,228,1,3,1,'APR','PUT',1,28.9788),(755,228,1,4,1,'PUT','END',1,52.9709),(756,229,1,1,1,'DRV','END',1,224.677),(757,230,1,1,1,'DRV','SEC',1,216.834),(758,230,1,2,1,'SEC','APR',1,58.7808),(759,230,1,3,1,'APR','END',1,58.0447),(760,231,1,1,1,'DRV','APR',1,212.487),(761,231,1,2,1,'APR','PUT',1,21.1344),(762,231,1,3,1,'PUT','END',1,21.4258),(763,232,1,1,1,'DRV','APR',1,219.336),(764,232,1,2,1,'APR','PUT',1,53.5748),(765,232,1,3,1,'PUT','END',1,39.0178),(766,233,1,1,1,'DRV','PUT',1,278.263),(767,233,1,3,1,'PUT','END',1,27.3426),(768,234,1,1,1,'DRV','APR',1,206.258),(769,234,1,2,1,'APR','END',1,40.4218),(770,235,1,1,1,'DRV','APR',1,205.301),(771,235,1,2,1,'APR','PUT',1,41.1103),(772,235,1,3,1,'PUT','END',1,39.5635),(773,236,1,1,1,'DRV','APR',1,234.256),(774,236,1,2,1,'APR','PUT',1,32.0788),(775,236,1,3,1,'PUT','END',1,32.175),(776,237,1,1,1,'DRV','APR',1,210.026),(777,237,1,2,1,'APR','PUT',1,55.1668),(778,237,1,3,1,'PUT','END',1,29.486),(779,238,1,1,1,'DRV','APR',1,222.32),(780,238,1,2,1,'WAT','WAT',1,2.23715),(781,238,1,2,1,'APR','PUT',1,39.1988),(782,238,1,3,1,'PUT','END',1,32.6591),(783,239,1,1,1,'DRV','APR',1,206.644),(784,239,1,2,1,'APR','PUT',1,26.0635),(785,239,1,3,1,'PUT','END',1,26.8502),(786,240,1,1,1,'DRV','APR',1,204.315),(787,240,1,2,1,'APR','END',1,20.8243),(788,241,1,1,1,'DRV','APR',1,230.758),(789,241,1,2,1,'APR','PUT',1,29.3295),(790,241,1,3,1,'PUT','END',1,46.6966),(791,242,1,1,1,'DRV','SEC',1,212.289),(792,242,1,2,1,'SEC','THD',1,42.0669),(793,242,1,3,1,'THD','APR',1,24.0384),(794,242,1,4,1,'APR','PUT',1,44.1773),(795,242,1,5,1,'PUT','END',1,25.883),(796,243,1,1,1,'DRV','SEC',1,200.531),(797,243,1,2,1,'SEC','THD',1,35.2089),(798,243,1,3,1,'THD','APR',1,57.0147),(799,243,1,4,1,'APR','PUT',1,36.0164),(800,243,1,5,1,'PUT','END',1,44.1402),(801,244,1,1,1,'DRV','SEC',1,225.003),(802,244,1,2,1,'SEC','THD',1,51.6779),(803,244,1,3,1,'THD','APR',1,28.5119),(804,244,1,4,1,'APR','PUT',1,55.6714),(805,244,1,5,1,'PUT','END',1,53.6714),(806,245,1,1,1,'DRV','SEC',1,229.591),(807,245,1,2,1,'SEC','PUT',1,40.859),(808,245,1,5,1,'PUT','END',1,57.5935),(809,246,1,1,1,'DRV','SEC',1,218.161),(810,246,1,2,1,'SEC','THD',1,24.0821),(811,246,1,3,1,'THD','PUT',1,59.5666),(812,246,1,5,1,'PUT','END',1,26.6628),(813,247,1,1,1,'DRV','SEC',1,210.837),(814,247,1,2,1,'SEC','THD',1,26.1108),(815,247,1,3,1,'THD','APR',1,29.5163),(816,247,1,4,1,'APR','END',1,35.5521),(817,248,1,1,1,'DRV','SEC',1,217.864),(818,248,1,2,1,'SEC','THD',1,43.4107),(819,248,1,3,1,'THD','APR',1,33.6858),(820,248,1,4,1,'APR','PUT',1,49.1565),(821,248,1,5,1,'PUT','END',1,55.5546),(822,249,1,1,1,'DRV','SEC',1,205.179),(823,249,1,2,1,'SEC','THD',1,57.029),(824,249,1,3,1,'THD','APR',1,43.4892),(825,249,1,4,1,'APR','PUT',1,44.544),(826,249,1,5,1,'PUT','END',1,27.5725),(827,250,1,1,1,'DRV','SEC',1,229.6),(828,250,1,2,1,'SEC','THD',1,34.6795),(829,250,1,3,1,'THD','APR',1,29.4101),(830,250,1,4,1,'APR','PUT',1,59.3433),(831,250,1,5,1,'PUT','END',1,31.8615),(832,251,1,1,1,'DRV','SEC',1,228.488),(833,251,1,2,1,'SEC','THD',1,37.6366),(834,251,1,3,1,'THD','APR',1,21.2946),(835,251,1,4,1,'APR','PUT',1,34.0289),(836,251,1,5,1,'PUT','END',1,35.7855),(837,252,1,1,1,'DRV','SEC',1,201.201),(838,252,1,2,1,'SEC','APR',1,40.5944),(839,252,1,4,1,'APR','PUT',1,34.5665),(840,252,1,5,1,'PUT','END',1,51.5085),(841,253,1,1,1,'DRV','SEC',1,225.998),(842,253,1,2,1,'SEC','THD',1,41.1754),(843,253,1,3,1,'THD','END',1,25.1603),(844,254,1,1,1,'DRV','SEC',1,209.254),(845,254,1,2,1,'SEC','THD',1,23.9241),(846,254,1,3,1,'THD','PUT',1,22.2656),(847,254,1,5,1,'PUT','END',1,43.3008),(848,255,1,1,1,'DRV','SEC',1,226.983),(849,255,1,2,1,'SEC','THD',1,48.8477),(850,255,1,3,1,'THD','APR',1,30.9246),(851,255,1,4,1,'APR','PUT',1,50.4636),(852,255,1,5,1,'PUT','END',1,27.8674),(853,256,1,1,1,'DRV','THD',1,264.622),(854,256,1,3,1,'THD','END',1,44.8659),(855,257,1,1,1,'DRV','SEC',1,215.941),(856,257,1,2,1,'SEC','THD',1,55.3092),(857,257,1,3,1,'THD','PUT',1,51.0418),(858,257,1,5,1,'PUT','END',1,39.223),(859,258,1,1,1,'DRV','APR',1,342.593),(860,258,1,4,1,'APR','PUT',1,32.2905),(861,258,1,5,1,'PUT','END',1,36.0821),(862,259,1,1,1,'DRV','SEC',1,226.997),(863,259,1,2,1,'SEC','THD',1,49.701),(864,259,1,3,1,'THD','APR',1,59.9768),(865,259,1,4,1,'APR','PUT',1,48.0949),(866,259,1,5,1,'PUT','END',1,54.4687),(867,260,1,1,1,'DRV','SEC',1,215.238),(868,260,1,2,1,'SEC','THD',1,28.0359),(869,260,1,3,1,'THD','APR',1,51.2206),(870,260,1,4,1,'APR','END',1,24.1569),(871,261,1,1,1,'DRV','SEC',1,221.363),(872,261,1,2,1,'SEC','THD',1,29.9905),(873,261,1,3,1,'THD','APR',1,56.2043),(874,261,1,4,1,'APR','PUT',1,57.2789),(875,261,1,5,1,'PUT','END',1,56.1867),(876,262,1,1,1,'DRV','PUT',1,390.475),(877,262,1,5,1,'PUT','END',1,41.1189),(878,263,1,1,1,'DRV','SEC',1,214.678),(879,263,1,2,1,'SEC','THD',1,53.0691),(880,263,1,3,1,'THD','APR',1,20.4906),(881,263,1,4,1,'APR','PUT',1,47.3351),(882,263,1,5,1,'WAT','WAT',1,3.3542),(883,263,1,5,1,'PUT','END',1,39.1764),(884,264,1,1,1,'DRV','APR',1,217.005),(885,264,1,2,1,'APR','PUT',1,48.5879),(886,264,1,3,1,'PUT','END',1,43.2598),(887,265,1,1,1,'DRV','APR',1,231.363),(888,265,1,2,1,'APR','END',1,33.638),(889,266,1,1,1,'DRV','APR',1,225.577),(890,266,1,2,1,'APR','PUT',1,24.9618),(891,266,1,3,1,'PUT','END',1,26.7574),(892,267,1,1,1,'DRV','APR',1,224.983),(893,267,1,2,1,'APR','PUT',1,48.3398),(894,267,1,3,1,'PUT','END',1,46.9699),(895,268,1,1,1,'DRV','APR',1,208.595),(896,268,1,2,1,'APR','PUT',1,36.4065),(897,268,1,3,1,'PUT','END',1,26.3078),(898,269,1,1,1,'DRV','APR',1,201.459),(899,269,1,2,1,'APR','PUT',1,41.0901),(900,269,1,3,1,'PUT','END',1,42.4077),(901,270,1,1,1,'DRV','PUT',1,285.059),(902,270,1,3,1,'PUT','END',1,20.7165),(903,271,1,1,1,'DRV','APR',1,207.914),(904,271,1,2,1,'APR','END',1,47.2245),(905,272,1,1,1,'DRV','APR',1,212.835),(906,272,1,2,1,'APR','PUT',1,36.1614),(907,272,1,3,1,'PUT','END',1,49.7003),(908,273,1,1,1,'DRV','APR',1,216.596),(909,273,1,2,1,'APR','END',1,32.963),(910,274,1,1,1,'DRV','END',1,222.239),(911,275,1,1,1,'DRV','SEC',1,206.873),(912,275,1,2,1,'SEC','APR',1,23.9911),(913,275,1,3,1,'APR','END',1,28.0623),(914,276,1,1,1,'DRV','SEC',1,221.92),(915,276,1,2,1,'SEC','APR',1,45.1202),(916,276,1,3,1,'APR','PUT',1,23.465),(917,276,1,4,1,'PUT','END',1,34.9047),(918,277,1,1,1,'DRV','SEC',1,229.346),(919,277,1,2,1,'SEC','APR',1,31.6381),(920,277,1,3,1,'APR','PUT',1,54.0601),(921,277,1,4,1,'PUT','END',1,57.2754),(922,278,1,1,1,'DRV','SEC',1,208.285),(923,278,1,2,1,'SEC','END',1,47.771),(924,279,1,1,1,'DRV','SEC',1,212.448),(925,279,1,2,1,'SEC','APR',1,59.416),(926,279,1,3,1,'APR','END',1,31.7276),(927,280,1,1,1,'DRV','SEC',1,211.135),(928,280,1,2,1,'SEC','APR',1,24.4337),(929,280,1,3,1,'APR','PUT',1,56.6633),(930,280,1,4,1,'PUT','END',1,46.3142),(931,281,1,1,1,'DRV','SEC',1,207.986),(932,281,1,2,1,'SEC','APR',1,55.8557),(933,281,1,3,1,'APR','PUT',1,45.515),(934,281,1,4,1,'PUT','END',1,52.6812),(935,282,1,1,1,'DRV','SEC',1,205.596),(936,282,1,2,1,'SEC','PUT',1,25.503),(937,282,1,4,1,'PUT','END',1,44.5532),(938,283,1,1,1,'DRV','SEC',1,210.589),(939,283,1,2,1,'SEC','PUT',1,46.9536),(940,283,1,4,1,'PUT','END',1,29.9614),(941,284,1,1,1,'DRV','SEC',1,216.521),(942,284,1,2,1,'SEC','APR',1,32.8302),(943,284,1,3,1,'APR','PUT',1,49.5437),(944,284,1,4,1,'PUT','END',1,52.6747),(945,285,1,1,1,'DRV','SEC',1,223.518),(946,285,1,2,1,'SEC','APR',1,46.2587),(947,285,1,3,1,'APR','PUT',1,35.6876),(948,285,1,4,1,'PUT','END',1,36.4506),(949,286,1,1,1,'DRV','APR',1,216.982),(950,286,1,2,1,'APR','END',1,21.5128),(951,287,1,1,1,'DRV','END',1,210.527),(952,288,1,1,1,'DRV','PUT',1,282.972),(953,288,1,3,1,'PUT','END',1,54.5124),(954,289,1,1,1,'DRV','APR',1,229.908),(955,289,1,2,1,'APR','END',1,52.4067),(956,290,1,1,1,'DRV','APR',1,208.258),(957,290,1,2,1,'APR','PUT',1,26.089),(958,290,1,3,1,'PUT','END',1,37.8126),(959,291,1,1,1,'DRV','END',1,207.062),(960,292,1,1,1,'DRV','APR',1,204.506),(961,292,1,2,1,'APR','PUT',1,25.0288),(962,292,1,3,1,'PUT','END',1,28.1718),(963,293,1,1,1,'DRV','PUT',1,276.615),(964,293,1,3,1,'PUT','END',1,22.1737),(965,294,1,1,1,'DRV','APR',1,203.898),(966,294,1,2,1,'APR','END',1,47.5024),(967,295,1,1,1,'DRV','PUT',1,283.036),(968,295,1,3,1,'PUT','END',1,49.0355),(969,296,1,1,1,'DRV','APR',1,213.774),(970,296,1,2,1,'APR','PUT',1,31.3444),(971,296,1,3,1,'PUT','END',1,52.5381),(972,297,1,1,1,'BUK','WAT',1,3.27087),(973,297,1,1,1,'DRV','SEC',1,219.385),(974,297,1,2,1,'SEC','THD',1,48.1824),(975,297,1,3,1,'THD','APR',1,20.2528),(976,297,1,4,1,'APR','PUT',1,56.2028),(977,297,1,5,1,'PUT','END',1,56.3763),(978,298,1,1,1,'DRV','THD',1,275.016),(979,298,1,3,1,'THD','APR',1,34.5358),(980,298,1,4,1,'APR','PUT',1,27.6008),(981,298,1,5,1,'PUT','END',1,50.954),(982,299,1,1,1,'DRV','SEC',1,222.945),(983,299,1,2,1,'SEC','THD',1,30.5505),(984,299,1,3,1,'THD','APR',1,50.8493),(985,299,1,4,1,'APR','PUT',1,24.3134),(986,299,1,5,1,'PUT','END',1,53.8749),(987,300,1,1,1,'DRV','SEC',1,213.12),(988,300,1,2,1,'SEC','THD',1,54.1152),(989,300,1,3,1,'THD','APR',1,51.3812),(990,300,1,4,1,'APR','PUT',1,52.2454),(991,300,1,5,1,'PUT','END',1,45.5442),(992,301,1,1,1,'DRV','SEC',1,228.809),(993,301,1,2,1,'SEC','THD',1,55.6498),(994,301,1,3,1,'THD','APR',1,45.0556),(995,301,1,4,1,'APR','PUT',1,36.0591),(996,301,1,5,1,'PUT','END',1,58.9015),(997,302,1,1,1,'DRV','SEC',1,223.42),(998,302,1,2,1,'SEC','THD',1,59.321),(999,302,1,3,1,'BUK','BUK',1,1.13836),(1000,302,1,3,1,'THD','APR',1,23.9199),(1001,302,1,4,1,'APR','PUT',1,55.6971),(1002,302,1,5,1,'PUT','END',1,39.5789),(1003,303,1,1,1,'DRV','SEC',1,224.798),(1004,303,1,2,1,'SEC','THD',1,31.287),(1005,303,1,3,1,'THD','APR',1,20.8204),(1006,303,1,4,1,'APR','PUT',1,28.7178),(1007,303,1,5,1,'PUT','END',1,46.5867),(1008,304,1,1,1,'DRV','SEC',1,227.304),(1009,304,1,2,1,'SEC','THD',1,25.2006),(1010,304,1,3,1,'THD','APR',1,44.0985),(1011,304,1,4,1,'APR','END',1,58.3469),(1012,305,1,1,1,'DRV','SEC',1,205.429),(1013,305,1,2,1,'SEC','THD',1,54.4595),(1014,305,1,3,1,'THD','APR',1,27.8136),(1015,305,1,4,1,'APR','PUT',1,37.6467),(1016,305,1,5,1,'PUT','END',1,39.6883),(1017,306,1,1,1,'DRV','APR',1,302.352),(1018,306,1,4,1,'APR','PUT',1,58.4957),(1019,306,1,5,1,'PUT','END',1,39.3624),(1020,307,1,1,1,'DRV','THD',1,274.233),(1021,307,1,3,1,'THD','PUT',1,27.1346),(1022,307,1,5,1,'PUT','END',1,54.916),(1023,308,1,1,1,'DRV','SEC',1,216.627),(1024,308,1,2,1,'SEC','THD',1,33.8489),(1025,308,1,3,1,'THD','APR',1,27.9938),(1026,308,1,4,1,'APR','PUT',1,21.805),(1027,308,1,5,1,'PUT','END',1,54.5144),(1028,309,1,1,1,'DRV','SEC',1,206.207),(1029,309,1,2,1,'SEC','THD',1,54.9338),(1030,309,1,3,1,'THD','PUT',1,29.2656),(1031,309,1,5,1,'PUT','END',1,38.1151),(1032,310,1,1,1,'DRV','SEC',1,223.918),(1033,310,1,2,1,'SEC','THD',1,57.7706),(1034,310,1,3,1,'THD','APR',1,50.39),(1035,310,1,4,1,'APR','PUT',1,34.3003),(1036,310,1,5,1,'PUT','END',1,20.6308),(1037,311,1,1,1,'DRV','SEC',1,204.213),(1038,311,1,2,1,'SEC','THD',1,55.0072),(1039,311,1,3,1,'THD','APR',1,46.38),(1040,311,1,4,1,'APR','PUT',1,52.2102),(1041,311,1,5,1,'PUT','END',1,40.211),(1042,312,1,1,1,'DRV','THD',1,266.059),(1043,312,1,3,1,'THD','APR',1,54.7789),(1044,312,1,4,1,'APR','PUT',1,50.9109),(1045,312,1,5,1,'PUT','END',1,45.5524),(1046,313,1,1,1,'DRV','THD',1,269.56),(1047,313,1,3,1,'THD','APR',1,52.4789),(1048,313,1,4,1,'APR','PUT',1,43.2224),(1049,313,1,5,1,'PUT','END',1,26.0683),(1050,314,1,1,1,'DRV','SEC',1,217.59),(1051,314,1,2,1,'SEC','PUT',1,45.1188),(1052,314,1,5,1,'PUT','END',1,39.0039),(1053,315,1,1,1,'DRV','SEC',1,200.318),(1054,315,1,2,1,'SEC','THD',1,31.8712),(1055,315,1,3,1,'THD','APR',1,26.3377),(1056,315,1,4,1,'APR','PUT',1,37.6244),(1057,315,1,5,1,'PUT','END',1,52.1563),(1058,316,1,1,1,'DRV','THD',1,281.166),(1059,316,1,3,1,'THD','PUT',1,25.9223),(1060,316,1,5,1,'PUT','END',1,44.5902),(1061,317,1,1,1,'DRV','SEC',1,201.26),(1062,317,1,2,1,'SEC','THD',1,52.3642),(1063,317,1,3,1,'THD','APR',1,23.6176),(1064,317,1,4,1,'APR','PUT',1,56.3831),(1065,317,1,5,1,'PUT','END',1,49.1141),(1066,318,1,1,1,'DRV','SEC',1,225.668),(1067,318,1,2,1,'SEC','THD',1,57.9017),(1068,318,1,3,1,'THD','APR',1,54.128),(1069,318,1,4,1,'APR','END',1,33.3205),(1070,319,1,1,1,'DRV','APR',1,219.638),(1071,319,1,2,1,'APR','PUT',1,22.7709),(1072,319,1,3,1,'PUT','END',1,42.6651),(1073,320,1,1,1,'DRV','APR',1,207.993),(1074,320,1,2,1,'APR','END',1,22.2627),(1075,321,1,1,1,'DRV','APR',1,204.966),(1076,321,1,2,1,'APR','PUT',1,44.5501),(1077,321,1,3,1,'PUT','END',1,21.307),(1078,322,1,1,1,'DRV','PUT',1,294.176),(1079,322,1,3,1,'PUT','END',1,42.7582),(1080,323,1,1,1,'DRV','APR',1,235.009),(1081,323,1,2,1,'APR','PUT',1,24.4361),(1082,323,1,3,1,'PUT','END',1,54.231),(1083,324,1,1,1,'DRV','APR',1,217.41),(1084,324,1,2,1,'APR','PUT',1,24.9735),(1085,324,1,3,1,'PUT','END',1,35.3152),(1086,325,1,1,1,'DRV','APR',1,223.388),(1087,325,1,2,1,'APR','PUT',1,44.827),(1088,325,1,3,1,'PUT','END',1,26.2463),(1089,326,1,1,1,'DRV','APR',1,231.19),(1090,326,1,2,1,'APR','END',1,42.1272),(1091,327,1,1,1,'DRV','END',1,216.437),(1092,328,1,1,1,'DRV','PUT',1,282.707),(1093,328,1,3,1,'PUT','END',1,31.7441),(1094,329,1,1,1,'DRV','END',1,204.591),(1095,330,1,1,1,'DRV','APR',1,225.418),(1096,330,1,2,1,'APR','PUT',1,50.1094),(1097,330,1,3,1,'PUT','END',1,54.637),(1098,331,1,1,1,'DRV','APR',1,204.947),(1099,331,1,2,1,'APR','PUT',1,47.015),(1100,331,1,3,1,'PUT','END',1,54.8855),(1101,332,1,1,1,'DRV','APR',1,232.956),(1102,332,1,2,1,'APR','END',1,58.2745),(1103,333,1,1,1,'DRV','APR',1,225.621),(1104,333,1,2,1,'APR','PUT',1,24.455),(1105,333,1,3,1,'PUT','END',1,36.0221),(1106,334,1,1,1,'DRV','APR',1,214.34),(1107,334,1,2,1,'APR','PUT',1,56.3098),(1108,334,1,3,1,'PUT','END',1,37.025),(1109,335,1,1,1,'DRV','END',1,213.282),(1110,336,1,1,1,'DRV','APR',1,282.703),(1111,336,1,3,1,'APR','PUT',1,48.4738),(1112,336,1,4,1,'PUT','END',1,50.7344),(1113,337,1,1,1,'DRV','SEC',1,227.605),(1114,337,1,2,1,'SEC','APR',1,39.5933),(1115,337,1,3,1,'APR','END',1,23.1616),(1116,338,1,1,1,'DRV','END',1,218.593),(1117,339,1,1,1,'DRV','SEC',1,214.822),(1118,339,1,2,1,'SEC','PUT',1,36.1215),(1119,339,1,4,1,'PUT','END',1,42.8997),(1120,340,1,1,1,'DRV','SEC',1,207.757),(1121,340,1,2,1,'SEC','APR',1,30.3432),(1122,340,1,3,1,'APR','PUT',1,48.1878),(1123,340,1,4,1,'PUT','END',1,26.0794),(1124,341,1,1,1,'DRV','SEC',1,221.326),(1125,341,1,2,1,'SEC','APR',1,22.8149),(1126,341,1,3,1,'APR','PUT',1,44.0538),(1127,341,1,4,1,'PUT','END',1,24.1655),(1128,342,1,1,1,'DRV','SEC',1,209.413),(1129,342,1,2,1,'SEC','APR',1,39.516),(1130,342,1,3,1,'APR','END',1,29.7127),(1131,343,1,1,1,'DRV','SEC',1,224.718),(1132,343,1,2,1,'SEC','APR',1,44.4116),(1133,343,1,3,1,'APR','PUT',1,32.645),(1134,343,1,4,1,'PUT','END',1,22.1705),(1135,344,1,1,1,'DRV','PUT',1,333.47),(1136,344,1,4,1,'PUT','END',1,29.3796),(1137,345,1,1,1,'DRV','SEC',1,210.492),(1138,345,1,2,1,'SEC','APR',1,47.4938),(1139,345,1,3,1,'APR','PUT',1,27.7108),(1140,345,1,4,1,'PUT','END',1,41.8606),(1141,346,1,1,1,'DRV','SEC',1,213.484),(1142,346,1,2,1,'SEC','APR',1,53.0873),(1143,346,1,3,1,'APR','END',1,48.4727),(1144,347,1,1,1,'DRV','SEC',1,201.234),(1145,347,1,2,1,'SEC','APR',1,31.6778),(1146,347,1,3,1,'APR','PUT',1,32.7975),(1147,347,1,4,1,'PUT','END',1,27.8308),(1148,348,1,1,1,'DRV','SEC',1,212.695),(1149,348,1,2,1,'SEC','PUT',1,20.1559),(1150,348,1,4,1,'PUT','END',1,23.9228),(1151,349,1,1,1,'DRV','SEC',1,217.719),(1152,349,1,2,1,'SEC','PUT',1,23.3453),(1153,349,1,4,1,'BUK','BUK',1,4.30934),(1154,349,1,4,1,'PUT','END',1,56.4227),(1155,350,1,1,1,'DRV','SEC',1,215.219),(1156,350,1,2,1,'SEC','APR',1,28.926),(1157,350,1,3,1,'APR','PUT',1,37.3678),(1158,350,1,4,1,'PUT','END',1,41.7596),(1159,351,1,1,1,'DRV','APR',1,215.325),(1160,351,1,2,1,'APR','PUT',1,59.3075),(1161,351,1,3,1,'PUT','END',1,52.3598),(1162,352,1,1,1,'DRV','APR',1,221.873),(1163,352,1,2,1,'APR','PUT',1,40.8196),(1164,352,1,3,1,'PUT','END',1,48.3193),(1165,353,1,1,1,'DRV','APR',1,233.195),(1166,353,1,2,1,'APR','END',1,28.5001),(1167,354,1,1,1,'DRV','APR',1,234.613),(1168,354,1,2,1,'APR','PUT',1,53.7448),(1169,354,1,3,1,'PUT','END',1,52.5052),(1170,355,1,1,1,'DRV','APR',1,218.565),(1171,355,1,2,1,'APR','END',1,31.2329),(1172,356,1,1,1,'DRV','PUT',1,262.586),(1173,356,1,3,1,'PUT','END',1,34.0323),(1174,357,1,1,1,'DRV','APR',1,221.974),(1175,357,1,2,1,'APR','END',1,59.6104),(1176,358,1,1,1,'DRV','APR',1,223.701),(1177,358,1,2,1,'APR','PUT',1,50.9622),(1178,358,1,3,1,'PUT','END',1,40.8036),(1179,359,1,1,1,'DRV','APR',1,231.544),(1180,359,1,2,1,'APR','PUT',1,40.5815),(1181,359,1,3,1,'PUT','END',1,34.5045),(1182,360,1,1,1,'DRV','APR',1,200.815),(1183,360,1,2,1,'APR','END',1,33.818),(1184,361,1,1,1,'DRV','APR',1,222.273),(1185,361,1,2,1,'APR','PUT',1,29.3761),(1186,361,1,3,1,'PUT','END',1,25.4581),(1187,362,1,1,1,'DRV','APR',1,220.141),(1188,362,1,2,1,'APR','PUT',1,27.3646),(1189,362,1,3,1,'PUT','END',1,20.7315),(1190,363,1,1,1,'DRV','PUT',1,276.933),(1191,363,1,3,1,'PUT','END',1,23.962),(1192,364,1,1,1,'DRV','APR',1,213.957),(1193,364,1,2,1,'APR','END',1,38.7516),(1194,365,1,1,1,'DRV','APR',1,227.743),(1195,365,1,2,1,'APR','PUT',1,50.9776),(1196,365,1,3,1,'PUT','END',1,46.6112),(1197,366,1,1,1,'DRV','APR',1,200.17),(1198,366,1,2,1,'APR','END',1,37.8551),(1199,367,1,1,1,'DRV','SEC',1,216.277),(1200,367,1,2,1,'SEC','APR',1,20.0183),(1201,367,1,4,1,'APR','PUT',1,21.1756),(1202,367,1,5,1,'PUT','END',1,50.6169),(1203,368,1,1,1,'DRV','APR',1,311.892),(1204,368,1,4,1,'APR','PUT',1,45.7977),(1205,368,1,5,1,'PUT','END',1,31.0546),(1206,369,1,1,1,'DRV','SEC',1,214.29),(1207,369,1,2,1,'SEC','PUT',1,37.553),(1208,369,1,5,1,'PUT','END',1,29.148),(1209,370,1,1,1,'DRV','SEC',1,209.076),(1210,370,1,2,1,'SEC','THD',1,48.1593),(1211,370,1,3,1,'THD','APR',1,42.3975),(1212,370,1,4,1,'BUK','BUK',1,1.08132),(1213,370,1,4,1,'APR','PUT',1,43.6885),(1214,370,1,5,1,'PUT','END',1,29.0284),(1215,371,1,1,1,'DRV','SEC',1,215.843),(1216,371,1,2,1,'SEC','END',1,21.803),(1217,372,1,1,1,'WAT','BUK',1,0.812183),(1218,372,1,1,1,'DRV','SEC',1,211.657),(1219,372,1,2,1,'SEC','THD',1,20.1302),(1220,372,1,3,1,'THD','APR',1,34.8882),(1221,372,1,4,1,'APR','PUT',1,45.7315),(1222,372,1,5,1,'PUT','END',1,31.3784),(1223,373,1,1,1,'DRV','SEC',1,203.409),(1224,373,1,2,1,'SEC','THD',1,45.553),(1225,373,1,3,1,'THD','APR',1,35.5874),(1226,373,1,4,1,'APR','END',1,20.7894),(1227,374,1,1,1,'DRV','SEC',1,227.443),(1228,374,1,2,1,'SEC','END',1,25.4217),(1229,375,1,1,1,'DRV','SEC',1,217.518),(1230,375,1,2,1,'SEC','THD',1,24.1828),(1231,375,1,3,1,'THD','APR',1,49.8742),(1232,375,1,4,1,'APR','PUT',1,21.2816),(1233,375,1,5,1,'PUT','END',1,22.4422),(1234,376,1,1,1,'DRV','SEC',1,210.812),(1235,376,1,2,1,'SEC','PUT',1,56.6513),(1236,376,1,5,1,'PUT','END',1,23.3286),(1237,377,1,1,1,'DRV','SEC',1,222.312),(1238,377,1,2,1,'SEC','THD',1,37.6449),(1239,377,1,3,1,'THD','PUT',1,25.3845),(1240,377,1,5,1,'PUT','END',1,31.8556),(1241,378,1,1,1,'DRV','SEC',1,206.927),(1242,378,1,2,1,'SEC','THD',1,26.2349),(1243,378,1,3,1,'THD','APR',1,48.6853),(1244,378,1,4,1,'APR','END',1,56.629),(1245,379,1,1,1,'DRV','SEC',1,215.078),(1246,379,1,2,1,'SEC','APR',1,34.2641),(1247,379,1,4,1,'APR','PUT',1,25.2323),(1248,379,1,5,1,'PUT','END',1,36.0372),(1249,380,1,1,1,'DRV','SEC',1,213.508),(1250,380,1,2,1,'SEC','THD',1,42.3808),(1251,380,1,3,1,'THD','APR',1,26.8081),(1252,380,1,4,1,'APR','PUT',1,33.3141),(1253,380,1,5,1,'PUT','END',1,56.4741),(1254,381,1,1,1,'DRV','SEC',1,212.018),(1255,381,1,2,1,'SEC','THD',1,37.0166),(1256,381,1,3,1,'THD','APR',1,52.8478),(1257,381,1,4,1,'APR','PUT',1,39.0719),(1258,381,1,5,1,'PUT','END',1,28.1139),(1259,382,1,1,1,'DRV','SEC',1,219.082),(1260,382,1,2,1,'SEC','APR',1,46.1251),(1261,382,1,4,1,'APR','PUT',1,40.9378),(1262,382,1,5,1,'PUT','END',1,49.0323),(1263,383,1,1,1,'DRV','APR',1,301.068),(1264,383,1,4,1,'APR','PUT',1,46.0503),(1265,383,1,5,1,'PUT','END',1,49.6083),(1266,384,1,1,1,'DRV','SEC',1,204.735),(1267,384,1,2,1,'SEC','THD',1,43.8678),(1268,384,1,3,1,'THD','APR',1,38.4897),(1269,384,1,4,1,'APR','PUT',1,23.9072),(1270,384,1,5,1,'PUT','END',1,23.8277),(1271,385,1,1,1,'DRV','SEC',1,222.186),(1272,385,1,2,1,'SEC','THD',1,46.8382),(1273,385,1,3,1,'THD','APR',1,55.5753),(1274,385,1,4,1,'APR','PUT',1,50.9719),(1275,385,1,5,1,'PUT','END',1,57.3197),(1276,386,1,1,1,'DRV','THD',1,261.615),(1277,386,1,3,1,'THD','APR',1,59.1463),(1278,386,1,4,1,'APR','PUT',1,59.0355),(1279,386,1,5,1,'PUT','END',1,56.6828),(1280,387,1,1,1,'DRV','SEC',1,202.237),(1281,387,1,2,1,'SEC','THD',1,30.545),(1282,387,1,3,1,'THD','APR',1,27.0172),(1283,387,1,4,1,'APR','END',1,38.7833),(1284,388,1,1,1,'DRV','PUT',1,361.457),(1285,388,1,5,1,'PUT','END',1,20.145),(1286,389,1,1,1,'DRV','SEC',1,208.644),(1287,389,1,2,1,'BUK','WAT',1,3.94596),(1288,389,1,2,1,'SEC','THD',1,45.3068),(1289,389,1,3,1,'THD','APR',1,50.8448),(1290,389,1,4,1,'APR','PUT',1,24.6298),(1291,389,1,5,1,'PUT','END',1,52.1239),(1292,390,1,1,1,'DRV','SEC',1,229.339),(1293,390,1,2,1,'SEC','PUT',1,34.3907),(1294,390,1,5,1,'PUT','END',1,45.515),(1295,391,1,1,1,'DRV','SEC',1,202.522),(1296,391,1,2,1,'SEC','THD',1,44.8174),(1297,391,1,3,1,'THD','APR',1,25.1963),(1298,391,1,4,1,'APR','PUT',1,56.8299),(1299,391,1,5,1,'PUT','END',1,32.7576),(1300,392,1,1,1,'BUK','WAT',1,1.93145),(1301,392,1,1,1,'DRV','SEC',1,221.996),(1302,392,1,2,1,'SEC','THD',1,39.1128),(1303,392,1,3,1,'THD','APR',1,47.4273),(1304,392,1,4,1,'APR','PUT',1,55.385),(1305,392,1,5,1,'PUT','END',1,46.1054),(1306,393,1,1,1,'DRV','THD',1,273.22),(1307,393,1,3,1,'THD','APR',1,49.7717),(1308,393,1,4,1,'APR','PUT',1,23.0914),(1309,393,1,5,1,'PUT','END',1,36.8688),(1310,394,1,1,1,'DRV','SEC',1,208.115),(1311,394,1,2,1,'SEC','THD',1,52.3232),(1312,394,1,3,1,'THD','APR',1,38.4421),(1313,394,1,4,1,'APR','PUT',1,31.5587),(1314,394,1,5,1,'PUT','END',1,40.4697),(1315,395,1,1,1,'DRV','SEC',1,228.035),(1316,395,1,2,1,'SEC','THD',1,35.9815),(1317,395,1,3,1,'THD','APR',1,28.9353),(1318,395,1,4,1,'APR','PUT',1,31.9067),(1319,395,1,5,1,'PUT','END',1,28.9448),(1320,396,1,1,1,'DRV','SEC',1,208.335),(1321,396,1,2,1,'SEC','THD',1,46.5842),(1322,396,1,3,1,'THD','APR',1,23.5357),(1323,396,1,4,1,'APR','PUT',1,25.3941),(1324,396,1,5,1,'PUT','END',1,24.966),(1325,397,1,1,1,'DRV','SEC',1,217.146),(1326,397,1,2,1,'SEC','THD',1,53.4098),(1327,397,1,3,1,'THD','APR',1,23.4377),(1328,397,1,4,1,'APR','PUT',1,31.7343),(1329,397,1,5,1,'PUT','END',1,27.4834),(1330,398,1,1,1,'DRV','SEC',1,221.854),(1331,398,1,2,1,'SEC','THD',1,54.7872),(1332,398,1,3,1,'THD','END',1,54.8593),(1333,399,1,1,1,'DRV','APR',1,239.934),(1334,399,1,2,1,'APR','PUT',1,36.9671),(1335,399,1,3,1,'PUT','END',1,56.3825),(1336,400,1,1,1,'DRV','APR',1,208.274),(1337,400,1,2,1,'APR','END',1,52.1824),(1338,401,1,1,1,'DRV','PUT',1,278.463),(1339,401,1,3,1,'PUT','END',1,55.9336),(1340,402,1,1,1,'DRV','APR',1,226.197),(1341,402,1,2,1,'APR','PUT',1,45.0884),(1342,402,1,3,1,'PUT','END',1,34.2825),(1343,403,1,1,1,'DRV','APR',1,210.487),(1344,403,1,2,1,'APR','PUT',1,58.6582),(1345,403,1,3,1,'PUT','END',1,39.9442),(1346,404,1,1,1,'DRV','PUT',1,261.795),(1347,404,1,3,1,'PUT','END',1,39.5379),(1348,405,1,1,1,'DRV','APR',1,232.95),(1349,405,1,2,1,'APR','END',1,25.3839),(1350,406,1,1,1,'DRV','END',1,222.881),(1351,407,1,1,1,'DRV','APR',1,210.181),(1352,407,1,2,1,'APR','PUT',1,25.9241),(1353,407,1,3,1,'PUT','END',1,28.3996),(1354,408,1,1,1,'DRV','PUT',1,290.55),(1355,408,1,3,1,'PUT','END',1,29.044),(1356,409,1,1,1,'DRV','APR',1,224.165),(1357,409,1,2,1,'APR','PUT',1,27.4856),(1358,409,1,3,1,'PUT','END',1,45.424),(1359,410,1,1,1,'DRV','SEC',1,229.963),(1360,410,1,2,1,'SEC','APR',1,25.5457),(1361,410,1,3,1,'APR','PUT',1,57.2576),(1362,410,1,4,1,'PUT','END',1,22.6875),(1363,411,1,1,1,'DRV','SEC',1,229.248),(1364,411,1,2,1,'SEC','APR',1,45.8883),(1365,411,1,3,1,'APR','END',1,46.8543),(1366,412,1,1,1,'DRV','SEC',1,215.976),(1367,412,1,2,1,'SEC','APR',1,22.0342),(1368,412,1,3,1,'APR','PUT',1,23.0805),(1369,412,1,4,1,'PUT','END',1,31.8829),(1370,413,1,1,1,'DRV','SEC',1,226.72),(1371,413,1,2,1,'SEC','END',1,31.8071),(1372,414,1,1,1,'DRV','END',1,202.194),(1373,415,1,1,1,'DRV','SEC',1,217.677),(1374,415,1,2,1,'SEC','APR',1,22.5997),(1375,415,1,3,1,'APR','PUT',1,22.635),(1376,415,1,4,1,'PUT','END',1,40.969),(1377,416,1,1,1,'DRV','SEC',1,205.636),(1378,416,1,2,1,'SEC','APR',1,58.1061),(1379,416,1,3,1,'APR','PUT',1,28.2959),(1380,416,1,4,1,'PUT','END',1,43.1219),(1381,417,1,1,1,'DRV','SEC',1,222.408),(1382,417,1,2,1,'SEC','APR',1,38.6964),(1383,417,1,3,1,'APR','PUT',1,56.2721),(1384,417,1,4,1,'PUT','END',1,45.9057),(1385,418,1,1,1,'DRV','APR',1,285.466),(1386,418,1,3,1,'APR','PUT',1,38.4199),(1387,418,1,4,1,'PUT','END',1,38.1565),(1388,419,1,1,1,'DRV','SEC',1,202.864),(1389,419,1,2,1,'SEC','APR',1,57.1316),(1390,419,1,3,1,'APR','END',1,31.5486),(1391,420,1,1,1,'DRV','PUT',1,312.916),(1392,420,1,4,1,'PUT','END',1,40.9932),(1393,421,1,1,1,'DRV','APR',1,215.772),(1394,421,1,2,1,'APR','PUT',1,48.3351),(1395,421,1,3,1,'PUT','END',1,57.2338),(1396,422,1,1,1,'DRV','APR',1,229.254),(1397,422,1,2,1,'APR','PUT',1,45.5545),(1398,422,1,3,1,'PUT','END',1,37.6281),(1399,423,1,1,1,'DRV','PUT',1,288.49),(1400,423,1,3,1,'PUT','END',1,54.3102),(1401,424,1,1,1,'DRV','APR',1,200.675),(1402,424,1,2,1,'APR','PUT',1,47.0344),(1403,424,1,3,1,'PUT','END',1,27.9018),(1404,425,1,1,1,'DRV','APR',1,222.655),(1405,425,1,2,1,'APR','PUT',1,54.0726),(1406,425,1,3,1,'PUT','END',1,42.2064),(1407,426,1,1,1,'DRV','PUT',1,279.334),(1408,426,1,3,1,'PUT','END',1,33.8884),(1409,427,1,1,1,'DRV','APR',1,204.047),(1410,427,1,2,1,'APR','PUT',1,58.3419),(1411,427,1,3,1,'PUT','END',1,39.6038),(1412,428,1,1,1,'DRV','APR',1,225.158),(1413,428,1,2,1,'APR','END',1,58.1646),(1414,429,1,1,1,'BUK','WAT',1,3.72602),(1415,429,1,1,1,'WAT','WAT',1,1.59136),(1416,429,1,1,1,'DRV','APR',1,207.477),(1417,429,1,2,1,'APR','PUT',1,56.3191),(1418,429,1,3,1,'PUT','END',1,28.6035),(1419,430,1,1,1,'DRV','APR',1,227.967),(1420,430,1,2,1,'APR','PUT',1,55.7211),(1421,430,1,3,1,'PUT','END',1,58.343),(1422,431,1,1,1,'DRV','PUT',1,282.064),(1423,431,1,3,1,'PUT','END',1,59.7429),(1424,432,1,1,1,'DRV','SEC',1,202.753),(1425,432,1,2,1,'SEC','THD',1,50.8708),(1426,432,1,3,1,'THD','APR',1,46.2332),(1427,432,1,4,1,'APR','PUT',1,48.986),(1428,432,1,5,1,'PUT','END',1,39.3329),(1429,433,1,1,1,'DRV','SEC',1,226.167),(1430,433,1,2,1,'BUK','BUK',1,4.0968),(1431,433,1,2,1,'SEC','THD',1,52.8106),(1432,433,1,3,1,'THD','APR',1,23.5838),(1433,433,1,4,1,'APR','PUT',1,54.0754),(1434,433,1,5,1,'PUT','END',1,41.2467),(1435,434,1,1,1,'DRV','SEC',1,225.019),(1436,434,1,2,1,'SEC','APR',1,44.0188),(1437,434,1,4,1,'APR','END',1,43.3415),(1438,435,1,1,1,'DRV','SEC',1,215.545),(1439,435,1,2,1,'SEC','PUT',1,43.3344),(1440,435,1,5,1,'PUT','END',1,21.1993),(1441,436,1,1,1,'DRV','APR',1,300.524),(1442,436,1,4,1,'APR','PUT',1,29.8791),(1443,436,1,5,1,'PUT','END',1,30.1849),(1444,437,1,1,1,'DRV','SEC',1,212.137),(1445,437,1,2,1,'SEC','PUT',1,30.5336),(1446,437,1,5,1,'PUT','END',1,42.112),(1447,438,1,1,1,'DRV','SEC',1,201.61),(1448,438,1,2,1,'SEC','THD',1,32.996),(1449,438,1,3,1,'THD','APR',1,50.124),(1450,438,1,4,1,'APR','PUT',1,34.085),(1451,438,1,5,1,'PUT','END',1,48.8625),(1452,439,1,1,1,'DRV','SEC',1,219.683),(1453,439,1,2,1,'SEC','THD',1,43.2844),(1454,439,1,3,1,'THD','APR',1,32.787),(1455,439,1,4,1,'APR','END',1,21.6218),(1456,440,1,1,1,'DRV','SEC',1,214.56),(1457,440,1,2,1,'SEC','THD',1,52.9015),(1458,440,1,3,1,'THD','APR',1,27.3426),(1459,440,1,4,1,'APR','PUT',1,38.1821),(1460,440,1,5,1,'PUT','END',1,38.2359),(1461,441,1,1,1,'DRV','SEC',1,222.424),(1462,441,1,2,1,'SEC','THD',1,56.6825),(1463,441,1,3,1,'THD','APR',1,39.4526),(1464,441,1,4,1,'APR','PUT',1,49.0581),(1465,441,1,5,1,'PUT','END',1,45.5189),(1466,442,1,1,1,'DRV','SEC',1,213.147),(1467,442,1,2,1,'SEC','THD',1,43.8492),(1468,442,1,3,1,'THD','PUT',1,29.1079),(1469,442,1,5,1,'PUT','END',1,59.5115),(1470,443,1,1,1,'DRV','SEC',1,200.311),(1471,443,1,2,1,'SEC','THD',1,24.8212),(1472,443,1,3,1,'THD','APR',1,20.7424),(1473,443,1,4,1,'APR','PUT',1,51.6921),(1474,443,1,5,1,'PUT','END',1,47.8085),(1475,444,1,1,1,'DRV','SEC',1,225.917),(1476,444,1,2,1,'SEC','THD',1,57.3733),(1477,444,1,3,1,'THD','APR',1,58.3757),(1478,444,1,4,1,'APR','PUT',1,39.9787),(1479,444,1,5,1,'PUT','END',1,59.5573),(1480,445,1,1,1,'DRV','THD',1,261.203),(1481,445,1,3,1,'THD','PUT',1,59.821),(1482,445,1,5,1,'PUT','END',1,23.0651),(1483,446,1,1,1,'DRV','SEC',1,207.39),(1484,446,1,2,1,'SEC','APR',1,59.3532),(1485,446,1,4,1,'APR','PUT',1,20.248),(1486,446,1,5,1,'PUT','END',1,56.2864),(1487,447,1,1,1,'DRV','SEC',1,217.85),(1488,447,1,2,1,'SEC','THD',1,42.2229),(1489,447,1,3,1,'THD','PUT',1,59.9075),(1490,447,1,5,1,'PUT','END',1,27.7885),(1491,448,1,1,1,'DRV','SEC',1,213.856),(1492,448,1,2,1,'SEC','THD',1,34.5827),(1493,448,1,3,1,'THD','APR',1,24.547),(1494,448,1,4,1,'APR','PUT',1,29.8594),(1495,448,1,5,1,'PUT','END',1,58.6296),(1496,449,1,1,1,'DRV','SEC',1,212.657),(1497,449,1,2,1,'SEC','APR',1,44.252),(1498,449,1,4,1,'APR','PUT',1,26.1484),(1499,449,1,5,1,'PUT','END',1,40.8114),(1500,450,1,1,1,'DRV','APR',1,343.72),(1501,450,1,4,1,'APR','PUT',1,38.577),(1502,450,1,5,1,'PUT','END',1,40.704),(1503,451,1,1,1,'DRV','SEC',1,226.507),(1504,451,1,2,1,'SEC','THD',1,24.9971),(1505,451,1,3,1,'THD','APR',1,24.1339),(1506,451,1,4,1,'APR','PUT',1,24.4141),(1507,451,1,5,1,'PUT','END',1,57.1668),(1508,452,1,1,1,'DRV','SEC',1,213.443),(1509,452,1,2,1,'SEC','END',1,50.1975),(1510,453,1,1,1,'DRV','SEC',1,222.559),(1511,453,1,2,1,'SEC','THD',1,42.8183),(1512,453,1,3,1,'THD','END',1,48.7086),(1513,454,1,1,1,'WAT','WAT',1,3.25418),(1514,454,1,1,1,'DRV','APR',1,224.272),(1515,454,1,2,1,'APR','PUT',1,25.7866),(1516,454,1,3,1,'PUT','END',1,33.0491),(1517,455,1,1,1,'DRV','APR',1,224.468),(1518,455,1,2,1,'APR','END',1,22.7348),(1519,456,1,1,1,'DRV','APR',1,206.087),(1520,456,1,2,1,'APR','PUT',1,30.7207),(1521,456,1,3,1,'PUT','END',1,21.9497),(1522,457,1,1,1,'DRV','END',1,229.381),(1523,458,1,1,1,'DRV','APR',1,238.963),(1524,458,1,2,1,'APR','PUT',1,39.708),(1525,458,1,3,1,'PUT','END',1,22.5046),(1526,459,1,1,1,'DRV','SEC',1,211.509),(1527,459,1,2,1,'SEC','APR',1,27.3445),(1528,459,1,3,1,'APR','END',1,31.6525),(1529,460,1,1,1,'DRV','PUT',1,333.85),(1530,460,1,4,1,'PUT','END',1,59.3399),(1531,461,1,1,1,'DRV','SEC',1,202.754),(1532,461,1,2,1,'SEC','APR',1,48.1299),(1533,461,1,3,1,'APR','PUT',1,47.0058),(1534,461,1,4,1,'PUT','END',1,53.4944),(1535,462,1,1,1,'DRV','SEC',1,203.593),(1536,462,1,2,1,'SEC','APR',1,37.9515),(1537,462,1,3,1,'APR','PUT',1,43.396),(1538,462,1,4,1,'PUT','END',1,32.7417),(1539,463,1,1,1,'DRV','SEC',1,227.751),(1540,463,1,2,1,'SEC','APR',1,33.8705),(1541,463,1,3,1,'APR','PUT',1,31.4246),(1542,463,1,4,1,'PUT','END',1,27.0395),(1543,464,1,1,1,'DRV','PUT',1,272.716),(1544,464,1,3,1,'PUT','END',1,37.3752),(1545,465,1,1,1,'DRV','APR',1,227.945),(1546,465,1,2,1,'APR','PUT',1,33.6902),(1547,465,1,3,1,'PUT','END',1,32.2181),(1548,466,1,1,1,'DRV','PUT',1,291.428),(1549,466,1,3,1,'PUT','END',1,24.3484),(1550,467,1,1,1,'DRV','APR',1,209.868),(1551,467,1,2,1,'APR','PUT',1,37.0162),(1552,467,1,3,1,'PUT','END',1,38.9806),(1553,468,1,1,1,'DRV','APR',1,238.179),(1554,468,1,2,1,'APR','PUT',1,55.861),(1555,468,1,3,1,'PUT','END',1,32.0287),(1556,469,1,1,1,'DRV','SEC',1,228.674),(1557,469,1,2,1,'SEC','THD',1,36.5381),(1558,469,1,3,1,'THD','APR',1,23.2828),(1559,469,1,4,1,'APR','PUT',1,30.9222),(1560,469,1,5,1,'PUT','END',1,49.3795),(1561,470,1,1,1,'DRV','SEC',1,227.658),(1562,470,1,2,1,'SEC','THD',1,32.3623),(1563,470,1,3,1,'THD','APR',1,34.1583),(1564,470,1,4,1,'APR','PUT',1,31.3383),(1565,470,1,5,1,'PUT','END',1,41.8227),(1566,471,1,1,1,'DRV','SEC',1,227.661),(1567,471,1,2,1,'SEC','THD',1,32.9274),(1568,471,1,3,1,'THD','APR',1,26.6478),(1569,471,1,4,1,'APR','PUT',1,49.5541),(1570,471,1,5,1,'PUT','END',1,58.6503),(1571,472,1,1,1,'DRV','SEC',1,208.084),(1572,472,1,2,1,'SEC','THD',1,58.5106),(1573,472,1,3,1,'THD','APR',1,34.135),(1574,472,1,4,1,'APR','PUT',1,49.3221),(1575,472,1,5,1,'PUT','END',1,21.2225),(1576,473,1,1,1,'DRV','SEC',1,202.796),(1577,473,1,2,1,'SEC','THD',1,24.5435),(1578,473,1,3,1,'THD','APR',1,40.5426),(1579,473,1,4,1,'APR','END',1,37.4811),(1580,474,1,1,1,'DRV','SEC',1,225.611),(1581,474,1,2,1,'SEC','THD',1,28.4918),(1582,474,1,3,1,'THD','END',1,52.2353),(1583,475,1,1,1,'DRV','SEC',1,211.067),(1584,475,1,2,1,'SEC','THD',1,39.8347),(1585,475,1,3,1,'THD','APR',1,47.8743),(1586,475,1,4,1,'APR','PUT',1,44.7541),(1587,475,1,5,1,'PUT','END',1,39.9915),(1588,476,1,1,1,'DRV','SEC',1,216.782),(1589,476,1,2,1,'SEC','THD',1,48.4178),(1590,476,1,3,1,'THD','APR',1,50.9464),(1591,476,1,4,1,'APR','PUT',1,27.1511),(1592,476,1,5,1,'PUT','END',1,28.2745),(1593,477,1,1,1,'DRV','SEC',1,202.285),(1594,477,1,2,1,'SEC','THD',1,55.9393),(1595,477,1,3,1,'THD','APR',1,42.9689),(1596,477,1,4,1,'APR','END',1,41.1364),(1597,478,1,1,1,'DRV','SEC',1,225.27),(1598,478,1,2,1,'SEC','APR',1,56.1538),(1599,478,1,4,1,'APR','PUT',1,24.684),(1600,478,1,5,1,'PUT','END',1,36.031),(1601,479,1,1,1,'DRV','END',1,205.211),(1602,480,1,1,1,'DRV','APR',1,222.998),(1603,480,1,2,1,'APR','PUT',1,35.8083),(1604,480,1,3,1,'PUT','END',1,56.2413),(1605,481,1,1,1,'DRV','APR',1,232.105),(1606,481,1,2,1,'APR','PUT',1,48.5607),(1607,481,1,3,1,'PUT','END',1,43.9795),(1608,482,1,1,1,'DRV','END',1,201.439),(1609,483,1,1,1,'DRV','APR',1,230.121),(1610,483,1,2,1,'APR','END',1,57.535),(1611,484,1,1,1,'DRV','APR',1,237.691),(1612,484,1,2,1,'APR','PUT',1,47.1332),(1613,484,1,3,1,'PUT','END',1,47.9239),(1614,485,1,1,1,'BUK','BUK',1,1.72365),(1615,485,1,1,1,'DRV','APR',1,211.531),(1616,485,1,2,1,'APR','PUT',1,23.2815),(1617,485,1,3,1,'PUT','END',1,43.4952),(1618,486,1,1,1,'DRV','PUT',1,280.166),(1619,486,1,3,1,'PUT','END',1,46.0624),(1620,487,1,1,1,'DRV','PUT',1,264.012),(1621,487,1,3,1,'PUT','END',1,34.1517),(1622,488,1,1,1,'DRV','APR',1,205.168),(1623,488,1,2,1,'APR','PUT',1,59.4747),(1624,488,1,3,1,'PUT','END',1,32.5463),(1625,489,1,1,1,'DRV','APR',1,208.08),(1626,489,1,2,1,'APR','END',1,25.3469),(1627,490,1,1,1,'DRV','APR',1,214.82),(1628,490,1,2,1,'APR','PUT',1,48.4129),(1629,490,1,3,1,'PUT','END',1,41.6273),(1630,491,1,1,1,'DRV','APR',1,221.897),(1631,491,1,2,1,'APR','PUT',1,23.9373),(1632,491,1,3,1,'PUT','END',1,34.3531),(1633,492,1,1,1,'DRV','APR',1,268.234),(1634,492,1,3,1,'APR','PUT',1,41.5421),(1635,492,1,4,1,'PUT','END',1,42.8668),(1636,493,1,1,1,'DRV','SEC',1,220.193),(1637,493,1,2,1,'SEC','APR',1,45.109),(1638,493,1,3,1,'APR','PUT',1,21.2582),(1639,493,1,4,1,'PUT','END',1,48.6517),(1640,494,1,1,1,'DRV','SEC',1,201.785),(1641,494,1,2,1,'SEC','PUT',1,37.3136),(1642,494,1,4,1,'PUT','END',1,35.067),(1643,495,1,1,1,'DRV','SEC',1,201.582),(1644,495,1,2,1,'SEC','APR',1,58.2103),(1645,495,1,3,1,'APR','END',1,49.7706),(1646,496,1,1,1,'DRV','SEC',1,228.368),(1647,496,1,2,1,'SEC','APR',1,39.4114),(1648,496,1,3,1,'APR','END',1,21.4734),(1649,497,1,1,1,'DRV','SEC',1,222.762),(1650,497,1,2,1,'SEC','END',1,39.5698),(1651,498,1,1,1,'BUK','WAT',1,4.29611),(1652,498,1,1,1,'DRV','SEC',1,213.504),(1653,498,1,2,1,'SEC','APR',1,31.9081),(1654,498,1,3,1,'APR','PUT',1,57.5348),(1655,498,1,4,1,'PUT','END',1,27.539),(1656,499,1,1,1,'DRV','SEC',1,225.381),(1657,499,1,2,1,'SEC','APR',1,53.3031),(1658,499,1,3,1,'APR','PUT',1,44.24),(1659,499,1,4,1,'PUT','END',1,58.416),(1660,500,1,1,1,'DRV','SEC',1,209.4),(1661,500,1,2,1,'WAT','BUK',1,1.4187),(1662,500,1,2,1,'SEC','APR',1,24.8481),(1663,500,1,3,1,'APR','PUT',1,41.1355),(1664,500,1,4,1,'PUT','END',1,48.1529),(1665,501,1,1,1,'BUK','BUK',1,3.41727),(1666,501,1,1,1,'BUK','WAT',1,1.12878),(1667,501,1,1,1,'DRV','SEC',1,229.136),(1668,501,1,2,1,'SEC','APR',1,40.0681),(1669,501,1,3,1,'APR','PUT',1,26.496),(1670,501,1,4,1,'PUT','END',1,43.7207),(1671,502,1,1,1,'DRV','SEC',1,204.241),(1672,502,1,2,1,'SEC','APR',1,33.8487),(1673,502,1,3,1,'APR','PUT',1,46.2642),(1674,502,1,4,1,'PUT','END',1,21.0403),(1675,503,1,1,1,'DRV','SEC',1,208.2),(1676,503,1,2,1,'SEC','APR',1,47.0473),(1677,503,1,3,1,'APR','PUT',1,43.4153),(1678,503,1,4,1,'PUT','END',1,47.5967),(1679,504,1,1,1,'DRV','SEC',1,213.466),(1680,504,1,2,1,'SEC','APR',1,25.5982),(1681,504,1,3,1,'APR','PUT',1,40.2297),(1682,504,1,4,1,'PUT','END',1,54.5489),(1683,505,1,1,1,'DRV','APR',1,214.352),(1684,505,1,2,1,'APR','PUT',1,59.7301),(1685,505,1,3,1,'PUT','END',1,55.0982),(1686,506,1,1,1,'DRV','APR',1,211.417),(1687,506,1,2,1,'APR','PUT',1,36.4037),(1688,506,1,3,1,'PUT','END',1,57.8192),(1689,507,1,1,1,'DRV','PUT',1,269.188),(1690,507,1,3,1,'PUT','END',1,59.9182),(1691,508,1,1,1,'DRV','APR',1,213.168),(1692,508,1,2,1,'APR','PUT',1,56.4474),(1693,508,1,3,1,'PUT','END',1,46.0897),(1694,509,1,1,1,'DRV','APR',1,237.915),(1695,509,1,2,1,'APR','PUT',1,35.2218),(1696,509,1,3,1,'PUT','END',1,50.5777),(1697,510,1,1,1,'DRV','PUT',1,287.59),(1698,510,1,3,1,'PUT','END',1,40.3289),(1699,511,1,1,1,'DRV','APR',1,232.414),(1700,511,1,2,1,'APR','PUT',1,46.8332),(1701,511,1,3,1,'PUT','END',1,37.2997),(1702,512,1,1,1,'DRV','APR',1,218.585),(1703,512,1,2,1,'APR','PUT',1,25.9817),(1704,512,1,3,1,'PUT','END',1,32.1946),(1705,513,1,1,1,'DRV','APR',1,204.302),(1706,513,1,2,1,'APR','PUT',1,57.4143),(1707,513,1,3,1,'PUT','END',1,20.1891),(1708,514,1,1,1,'DRV','APR',1,201.119),(1709,514,1,2,1,'APR','PUT',1,25.1235),(1710,514,1,3,1,'PUT','END',1,38.3007),(1711,515,1,1,1,'DRV','APR',1,225.409),(1712,515,1,2,1,'APR','PUT',1,48.5205),(1713,515,1,3,1,'PUT','END',1,58.3637),(1714,516,1,1,1,'DRV','APR',1,203.889),(1715,516,1,2,1,'APR','PUT',1,25.9439),(1716,516,1,3,1,'PUT','END',1,59.6937),(1717,517,1,1,1,'DRV','APR',1,232.227),(1718,517,1,2,1,'APR','PUT',1,57.0315),(1719,517,1,3,1,'PUT','END',1,21.1202),(1720,518,1,1,1,'DRV','THD',1,284.581),(1721,518,1,3,1,'THD','APR',1,56.1839),(1722,518,1,4,1,'APR','PUT',1,36.3889),(1723,518,1,5,1,'PUT','END',1,59.2741),(1724,519,1,1,1,'DRV','SEC',1,213.239),(1725,519,1,2,1,'SEC','THD',1,30.0905),(1726,519,1,3,1,'THD','PUT',1,38.9254),(1727,519,1,5,1,'PUT','END',1,28.9864),(1728,520,1,1,1,'DRV','SEC',1,203.096),(1729,520,1,2,1,'SEC','THD',1,36.9742),(1730,520,1,3,1,'THD','PUT',1,26.518),(1731,520,1,5,1,'PUT','END',1,20.188),(1732,521,1,1,1,'DRV','SEC',1,217.837),(1733,521,1,2,1,'SEC','THD',1,23.979),(1734,521,1,3,1,'THD','APR',1,25.2405),(1735,521,1,4,1,'APR','PUT',1,49.914),(1736,521,1,5,1,'PUT','END',1,37.6251),(1737,522,1,1,1,'DRV','THD',1,273.758),(1738,522,1,3,1,'THD','APR',1,26.051),(1739,522,1,4,1,'APR','PUT',1,57.8061),(1740,522,1,5,1,'PUT','END',1,32.3473),(1741,523,1,1,1,'DRV','SEC',1,205.498),(1742,523,1,2,1,'SEC','THD',1,58.9728),(1743,523,1,3,1,'THD','APR',1,43.278),(1744,523,1,4,1,'APR','PUT',1,59.9856),(1745,523,1,5,1,'PUT','END',1,39.1054),(1746,524,1,1,1,'BUK','BUK',1,3.42011),(1747,524,1,1,1,'DRV','SEC',1,210.794),(1748,524,1,2,1,'SEC','THD',1,29.2349),(1749,524,1,3,1,'THD','APR',1,37.5086),(1750,524,1,4,1,'APR','PUT',1,20.1911),(1751,524,1,5,1,'PUT','END',1,58.5185),(1752,525,1,1,1,'DRV','SEC',1,220.452),(1753,525,1,2,1,'SEC','THD',1,55.9572),(1754,525,1,3,1,'THD','APR',1,36.5573),(1755,525,1,4,1,'APR','END',1,23.5475),(1756,526,1,1,1,'DRV','SEC',1,205.302),(1757,526,1,2,1,'SEC','THD',1,30.3898),(1758,526,1,3,1,'THD','APR',1,20.5927),(1759,526,1,4,1,'APR','PUT',1,27.4028),(1760,526,1,5,1,'PUT','END',1,39.9109),(1761,527,1,1,1,'DRV','SEC',1,225.443),(1762,527,1,2,1,'SEC','THD',1,45.2682),(1763,527,1,3,1,'THD','APR',1,40.4111),(1764,527,1,4,1,'APR','PUT',1,54.1101),(1765,527,1,5,1,'PUT','END',1,48.0419),(1766,528,1,1,1,'DRV','SEC',1,224.309),(1767,528,1,2,1,'SEC','THD',1,42.9824),(1768,528,1,3,1,'THD','APR',1,53.2309),(1769,528,1,4,1,'APR','PUT',1,58.1226),(1770,528,1,5,1,'PUT','END',1,46.5086),(1771,529,1,1,1,'DRV','SEC',1,220.812),(1772,529,1,2,1,'SEC','THD',1,55.2875),(1773,529,1,3,1,'THD','APR',1,32.2157),(1774,529,1,4,1,'APR','PUT',1,33.5859),(1775,529,1,5,1,'PUT','END',1,25.6869),(1776,530,1,1,1,'DRV','APR',1,315.457),(1777,530,1,4,1,'APR','PUT',1,28.3232),(1778,530,1,5,1,'PUT','END',1,40.928),(1779,531,1,1,1,'DRV','SEC',1,213.011),(1780,531,1,2,1,'SEC','THD',1,25.7732),(1781,531,1,3,1,'BUK','BUK',1,3.36935),(1782,531,1,3,1,'THD','APR',1,29.3185),(1783,531,1,4,1,'APR','END',1,39.2656),(1784,532,1,1,1,'DRV','APR',1,342.175),(1785,532,1,4,1,'APR','PUT',1,58.3435),(1786,532,1,5,1,'PUT','END',1,50.3324),(1787,533,1,1,1,'DRV','SEC',1,227.946),(1788,533,1,2,1,'SEC','THD',1,47.7368),(1789,533,1,3,1,'THD','APR',1,28.4195),(1790,533,1,4,1,'APR','PUT',1,27.4559),(1791,533,1,5,1,'PUT','END',1,54.1165),(1792,534,1,1,1,'DRV','SEC',1,204.964),(1793,534,1,2,1,'SEC','THD',1,24.9911),(1794,534,1,3,1,'THD','APR',1,48.1099),(1795,534,1,4,1,'APR','PUT',1,48.1824),(1796,534,1,5,1,'PUT','END',1,50.1202),(1797,535,1,1,1,'DRV','SEC',1,203.806),(1798,535,1,2,1,'SEC','PUT',1,49.1993),(1799,535,1,5,1,'PUT','END',1,25.8998),(1800,536,1,1,1,'DRV','SEC',1,212.301),(1801,536,1,2,1,'SEC','THD',1,33.221),(1802,536,1,3,1,'THD','PUT',1,44.8231),(1803,536,1,5,1,'PUT','END',1,27.8155),(1804,537,1,1,1,'DRV','SEC',1,211.844),(1805,537,1,2,1,'SEC','THD',1,43.4804),(1806,537,1,3,1,'THD','APR',1,25.7378),(1807,537,1,4,1,'APR','END',1,20.155),(1808,538,1,1,1,'DRV','SEC',1,216.928),(1809,538,1,2,1,'SEC','PUT',1,26.1225),(1810,538,1,5,1,'PUT','END',1,44.3834),(1811,539,1,1,1,'DRV','SEC',1,200.996),(1812,539,1,2,1,'SEC','PUT',1,26.308),(1813,539,1,5,1,'PUT','END',1,51.5285),(1814,540,1,1,1,'DRV','THD',1,272.867),(1815,540,1,3,1,'THD','APR',1,47.5052),(1816,540,1,4,1,'APR','PUT',1,32.5405),(1817,540,1,5,1,'PUT','END',1,23.138),(1818,541,1,1,1,'DRV','SEC',1,203.008),(1819,541,1,2,1,'SEC','THD',1,53.5425),(1820,541,1,3,1,'THD','APR',1,21.7098),(1821,541,1,4,1,'APR','PUT',1,30.218),(1822,541,1,5,1,'PUT','END',1,52.2186),(1823,542,1,1,1,'DRV','SEC',1,215.708),(1824,542,1,2,1,'SEC','THD',1,47.4785),(1825,542,1,3,1,'THD','APR',1,30.8476),(1826,542,1,4,1,'APR','PUT',1,23.5528),(1827,542,1,5,1,'PUT','END',1,36.9533),(1828,543,1,1,1,'DRV','SEC',1,213.368),(1829,543,1,2,1,'SEC','THD',1,58.7191),(1830,543,1,3,1,'THD','PUT',1,34.7128),(1831,543,1,5,1,'PUT','END',1,21.0561),(1832,544,1,1,1,'DRV','APR',1,227.295),(1833,544,1,2,1,'APR','END',1,23.0958),(1834,545,1,1,1,'DRV','APR',1,217.565),(1835,545,1,2,1,'APR','PUT',1,58.1045),(1836,545,1,3,1,'PUT','END',1,42.4022),(1837,546,1,1,1,'DRV','APR',1,205.5),(1838,546,1,2,1,'APR','PUT',1,28.1728),(1839,546,1,3,1,'PUT','END',1,49.717),(1840,547,1,1,1,'DRV','APR',1,223.269),(1841,547,1,2,1,'APR','PUT',1,53.4818),(1842,547,1,3,1,'PUT','END',1,39.3504),(1843,548,1,1,1,'DRV','APR',1,200.878),(1844,548,1,2,1,'APR','PUT',1,53.2138),(1845,548,1,3,1,'PUT','END',1,28.6944),(1846,549,1,1,1,'DRV','APR',1,263.81),(1847,549,1,3,1,'APR','END',1,39.7775),(1848,550,1,1,1,'DRV','SEC',1,223.996),(1849,550,1,2,1,'SEC','APR',1,50.3851),(1850,550,1,3,1,'APR','PUT',1,46.3929),(1851,550,1,4,1,'PUT','END',1,50.9191),(1852,551,1,1,1,'DRV','SEC',1,200.576),(1853,551,1,2,1,'SEC','APR',1,45.227),(1854,551,1,3,1,'APR','PUT',1,49.7594),(1855,551,1,4,1,'PUT','END',1,49.5267),(1856,552,1,1,1,'DRV','SEC',1,224.525),(1857,552,1,2,1,'SEC','APR',1,43.5241),(1858,552,1,3,1,'APR','PUT',1,35.7133),(1859,552,1,4,1,'PUT','END',1,52.8728),(1860,553,1,1,1,'DRV','SEC',1,203.059),(1861,553,1,2,1,'SEC','APR',1,49.7006),(1862,553,1,3,1,'APR','PUT',1,57.9121),(1863,553,1,4,1,'PUT','END',1,48.413),(1864,554,1,1,1,'DRV','END',1,202.983),(1865,555,1,1,1,'DRV','APR',1,223.501),(1866,555,1,2,1,'APR','PUT',1,54.4137),(1867,555,1,3,1,'PUT','END',1,29.7561),(1868,556,1,1,1,'DRV','APR',1,208.171),(1869,556,1,2,1,'APR','PUT',1,27.3809),(1870,556,1,3,1,'PUT','END',1,49.4363),(1871,557,1,1,1,'DRV','APR',1,221.517),(1872,557,1,2,1,'APR','PUT',1,59.3729),(1873,557,1,3,1,'PUT','END',1,55.3013),(1874,558,1,1,1,'DRV','APR',1,214.433),(1875,558,1,2,1,'APR','END',1,28.7208),(1876,559,1,1,1,'DRV','SEC',1,203.58),(1877,559,1,2,1,'SEC','THD',1,31.7441),(1878,559,1,3,1,'THD','APR',1,24.5043),(1879,559,1,4,1,'APR','PUT',1,31.0166),(1880,559,1,5,1,'PUT','END',1,22.4814),(1881,560,1,1,1,'DRV','PUT',1,419.399),(1882,560,1,5,1,'PUT','END',1,55.2594),(1883,561,1,1,1,'DRV','THD',1,272.311),(1884,561,1,3,1,'THD','APR',1,51.5676),(1885,561,1,4,1,'APR','PUT',1,52.1855),(1886,561,1,5,1,'PUT','END',1,22.291),(1887,562,1,1,1,'DRV','SEC',1,218.805),(1888,562,1,2,1,'SEC','THD',1,24.3833),(1889,562,1,3,1,'THD','APR',1,45.393),(1890,562,1,4,1,'APR','END',1,44.0886),(1891,563,1,1,1,'DRV','SEC',1,216.429),(1892,563,1,2,1,'SEC','THD',1,41.3958),(1893,563,1,3,1,'THD','APR',1,33.6739),(1894,563,1,4,1,'APR','PUT',1,44.2662),(1895,563,1,5,1,'PUT','END',1,22.9172),(1896,564,1,1,1,'DRV','SEC',1,202.001),(1897,564,1,2,1,'SEC','THD',1,24.6069),(1898,564,1,3,1,'WAT','WAT',1,0.967352),(1899,564,1,3,1,'THD','APR',1,55.5217),(1900,564,1,4,1,'APR','PUT',1,24.7838),(1901,564,1,5,1,'PUT','END',1,58.99),(1902,565,1,1,1,'DRV','SEC',1,202.758),(1903,565,1,2,1,'SEC','THD',1,41.6471),(1904,565,1,3,1,'THD','APR',1,36.9064),(1905,565,1,4,1,'APR','PUT',1,22.3838),(1906,565,1,5,1,'PUT','END',1,49.8758),(1907,566,1,1,1,'DRV','SEC',1,228.669),(1908,566,1,2,1,'SEC','THD',1,43.6056),(1909,566,1,3,1,'THD','APR',1,55.8313),(1910,566,1,4,1,'APR','PUT',1,42.7085),(1911,566,1,5,1,'PUT','END',1,28.4175),(1912,567,1,1,1,'DRV','SEC',1,226.817),(1913,567,1,2,1,'SEC','THD',1,35.1135),(1914,567,1,3,1,'THD','APR',1,38.8227),(1915,567,1,4,1,'APR','PUT',1,23.8919),(1916,567,1,5,1,'PUT','END',1,50.8721),(1917,568,1,1,1,'DRV','SEC',1,223.066),(1918,568,1,2,1,'SEC','THD',1,55.4575),(1919,568,1,3,1,'THD','APR',1,41.9965),(1920,568,1,4,1,'APR','PUT',1,44.2935),(1921,568,1,5,1,'PUT','END',1,55.8794),(1922,569,1,1,1,'BUK','BUK',1,1.63438),(1923,569,1,1,1,'WAT','WAT',1,1.97272),(1924,569,1,1,1,'DRV','APR',1,239.738),(1925,569,1,2,1,'APR','PUT',1,57.5213),(1926,569,1,3,1,'PUT','END',1,35.3056),(1927,570,1,1,1,'DRV','APR',1,223.095),(1928,570,1,2,1,'APR','PUT',1,23.4192),(1929,570,1,3,1,'PUT','END',1,20.6636),(1930,571,1,1,1,'DRV','APR',1,226.964),(1931,571,1,2,1,'APR','PUT',1,44.806),(1932,571,1,3,1,'PUT','END',1,24.3688),(1933,572,1,1,1,'DRV','APR',1,211.88),(1934,572,1,2,1,'APR','PUT',1,47.2493),(1935,572,1,3,1,'PUT','END',1,26.1087),(1936,573,1,1,1,'DRV','APR',1,204.493),(1937,573,1,2,1,'APR','PUT',1,49.5987),(1938,573,1,3,1,'PUT','END',1,24.899),(1939,574,1,1,1,'DRV','PUT',1,264.999),(1940,574,1,3,1,'PUT','END',1,46.9542),(1941,575,1,1,1,'DRV','APR',1,218.137),(1942,575,1,2,1,'APR','PUT',1,34.4212),(1943,575,1,3,1,'PUT','END',1,27.2283),(1944,576,1,1,1,'DRV','APR',1,212.694),(1945,576,1,2,1,'APR','PUT',1,41.3752),(1946,576,1,3,1,'PUT','END',1,52.3498),(1947,577,1,1,1,'DRV','APR',1,212.434),(1948,577,1,2,1,'APR','PUT',1,31.9801),(1949,577,1,3,1,'PUT','END',1,28.5356),(1950,578,1,1,1,'DRV','APR',1,201.531),(1951,578,1,2,1,'APR','PUT',1,20.6228),(1952,578,1,3,1,'PUT','END',1,30.5462),(1953,579,1,1,1,'DRV','APR',1,209.981),(1954,579,1,2,1,'APR','END',1,34.1004),(1955,580,1,1,1,'DRV','APR',1,236.068),(1956,580,1,2,1,'APR','PUT',1,52.6252),(1957,580,1,3,1,'PUT','END',1,30.4716),(1958,581,1,1,1,'DRV','APR',1,204.545),(1959,581,1,2,1,'APR','END',1,43.0458),(1960,582,1,1,1,'DRV','APR',1,229.655),(1961,582,1,2,1,'APR','PUT',1,39.4922),(1962,582,1,3,1,'PUT','END',1,47.0037),(1963,583,1,1,1,'DRV','PUT',1,262.879),(1964,583,1,3,1,'PUT','END',1,27.3591),(1965,584,1,1,1,'DRV','SEC',1,220.781),(1966,584,1,2,1,'SEC','APR',1,25.039),(1967,584,1,3,1,'APR','END',1,30.5923),(1968,585,1,1,1,'DRV','SEC',1,202.725),(1969,585,1,2,1,'SEC','APR',1,57.318),(1970,585,1,3,1,'APR','PUT',1,32.46),(1971,585,1,4,1,'PUT','END',1,20.58),(1972,586,1,1,1,'DRV','SEC',1,224.655),(1973,586,1,2,1,'SEC','APR',1,41.0965),(1974,586,1,3,1,'APR','PUT',1,30.8705),(1975,586,1,4,1,'PUT','END',1,23.9285),(1976,587,1,1,1,'DRV','SEC',1,228.244),(1977,587,1,2,1,'SEC','APR',1,53.8659),(1978,587,1,3,1,'APR','PUT',1,30.5358),(1979,587,1,4,1,'PUT','END',1,39.1777),(1980,588,1,1,1,'DRV','PUT',1,335.235),(1981,588,1,4,1,'PUT','END',1,38.2699),(1982,589,1,1,1,'DRV','APR',1,294.482),(1983,589,1,3,1,'APR','END',1,20.0366),(1984,590,1,1,1,'DRV','SEC',1,229.44),(1985,590,1,2,1,'SEC','PUT',1,42.612),(1986,590,1,4,1,'PUT','END',1,25.1853),(1987,591,1,1,1,'DRV','SEC',1,200.618),(1988,591,1,2,1,'SEC','APR',1,52.7224),(1989,591,1,3,1,'APR','PUT',1,21.3943),(1990,591,1,4,1,'PUT','END',1,34.8345),(1991,592,1,1,1,'DRV','SEC',1,203.43),(1992,592,1,2,1,'SEC','APR',1,30.0133),(1993,592,1,3,1,'APR','PUT',1,22.2812),(1994,592,1,4,1,'PUT','END',1,28.4371),(1995,593,1,1,1,'DRV','SEC',1,222.63),(1996,593,1,2,1,'SEC','APR',1,22.8183),(1997,593,1,3,1,'APR','END',1,39.3282),(1998,594,1,1,1,'DRV','SEC',1,218.82),(1999,594,1,2,1,'SEC','APR',1,29.7938),(2000,594,1,3,1,'APR','END',1,42.7371),(2001,595,1,1,1,'DRV','SEC',1,222.146),(2002,595,1,2,1,'SEC','END',1,57.8281),(2003,596,1,1,1,'DRV','SEC',1,211.23),(2004,596,1,2,1,'SEC','APR',1,38.5006),(2005,596,1,3,1,'APR','PUT',1,49.1427),(2006,596,1,4,1,'PUT','END',1,57.2446),(2007,597,1,1,1,'DRV','SEC',1,205.14),(2008,597,1,2,1,'WAT','WAT',1,0.587232),(2009,597,1,2,1,'SEC','APR',1,47.9175),(2010,597,1,3,1,'APR','PUT',1,33.1937),(2011,597,1,4,1,'PUT','END',1,53.2889),(2012,598,1,1,1,'DRV','SEC',1,219.215),(2013,598,1,2,1,'SEC','APR',1,27.3946),(2014,598,1,3,1,'APR','PUT',1,56.864),(2015,598,1,4,1,'PUT','END',1,52.3879),(2016,599,1,1,1,'DRV','APR',1,233.559),(2017,599,1,2,1,'APR','PUT',1,35.6937),(2018,599,1,3,1,'PUT','END',1,56.8817),(2019,600,1,1,1,'DRV','APR',1,218.371),(2020,600,1,2,1,'APR','PUT',1,22.3998),(2021,600,1,3,1,'PUT','END',1,22.4141),(2022,601,1,1,1,'DRV','APR',1,237.355),(2023,601,1,2,1,'APR','PUT',1,46.1875),(2024,601,1,3,1,'PUT','END',1,30.6748),(2025,602,1,1,1,'DRV','APR',1,226.074),(2026,602,1,2,1,'APR','PUT',1,51.5132),(2027,602,1,3,1,'PUT','END',1,51.3094),(2028,603,1,1,1,'DRV','APR',1,239.562),(2029,603,1,2,1,'APR','PUT',1,23.9253),(2030,603,1,3,1,'PUT','END',1,23.8169),(2031,604,1,1,1,'DRV','APR',1,234.457),(2032,604,1,2,1,'APR','PUT',1,47.6009),(2033,604,1,3,1,'PUT','END',1,54.1715),(2034,605,1,1,1,'DRV','APR',1,204.828),(2035,605,1,2,1,'APR','PUT',1,59.8445),(2036,605,1,3,1,'PUT','END',1,29.624),(2037,606,1,1,1,'DRV','APR',1,228.331),(2038,606,1,2,1,'APR','PUT',1,35.406),(2039,606,1,3,1,'PUT','END',1,20.0583),(2040,607,1,1,1,'DRV','PUT',1,271.798),(2041,607,1,3,1,'PUT','END',1,42.8893),(2042,608,1,1,1,'DRV','APR',1,235.892),(2043,608,1,2,1,'APR','END',1,54.0753),(2044,609,1,1,1,'DRV','APR',1,231.329),(2045,609,1,2,1,'APR','PUT',1,44.5858),(2046,609,1,3,1,'PUT','END',1,28.2297),(2047,610,1,1,1,'DRV','APR',1,238.176),(2048,610,1,2,1,'APR','PUT',1,48.2191),(2049,610,1,3,1,'PUT','END',1,35.5325),(2050,611,1,1,1,'DRV','PUT',1,276.172),(2051,611,1,3,1,'PUT','END',1,34.6944),(2052,612,1,1,1,'DRV','APR',1,218.865),(2053,612,1,2,1,'APR','PUT',1,30.3521),(2054,612,1,3,1,'PUT','END',1,56.791),(2055,613,1,1,1,'DRV','APR',1,215.155),(2056,613,1,2,1,'APR','PUT',1,47.4576),(2057,613,1,3,1,'PUT','END',1,25.269),(2058,614,1,1,1,'DRV','THD',1,290.911),(2059,614,1,3,1,'THD','PUT',1,38.4227),(2060,614,1,5,1,'PUT','END',1,20.9791),(2061,615,1,1,1,'DRV','SEC',1,220.018),(2062,615,1,2,1,'SEC','THD',1,33.6602),(2063,615,1,3,1,'THD','APR',1,21.704),(2064,615,1,4,1,'APR','PUT',1,44.4002),(2065,615,1,5,1,'PUT','END',1,28.8977),(2066,616,1,1,1,'DRV','APR',1,333.67),(2067,616,1,4,1,'APR','END',1,44.2798),(2068,617,1,1,1,'DRV','APR',1,305.239),(2069,617,1,4,1,'APR','PUT',1,46.5631),(2070,617,1,5,1,'PUT','END',1,46.1634),(2071,618,1,1,1,'DRV','SEC',1,224.146),(2072,618,1,2,1,'SEC','THD',1,57.7329),(2073,618,1,3,1,'THD','APR',1,45.618),(2074,618,1,4,1,'APR','PUT',1,46.5849),(2075,618,1,5,1,'PUT','END',1,51.7642),(2076,619,1,1,1,'DRV','SEC',1,213.889),(2077,619,1,2,1,'SEC','THD',1,23.1082),(2078,619,1,3,1,'THD','END',1,21.5625),(2079,620,1,1,1,'DRV','SEC',1,221.168),(2080,620,1,2,1,'SEC','APR',1,34.3535),(2081,620,1,4,1,'APR','PUT',1,46.6194),(2082,620,1,5,1,'PUT','END',1,25.373),(2083,621,1,1,1,'DRV','SEC',1,220.048),(2084,621,1,2,1,'SEC','THD',1,57.3587),(2085,621,1,3,1,'THD','APR',1,58.7511),(2086,621,1,4,1,'APR','PUT',1,46.5499),(2087,621,1,5,1,'PUT','END',1,42.6922),(2088,622,1,1,1,'DRV','SEC',1,205.694),(2089,622,1,2,1,'SEC','APR',1,37.9213),(2090,622,1,4,1,'APR','PUT',1,55.7616),(2091,622,1,5,1,'PUT','END',1,36.6792),(2092,623,1,1,1,'DRV','SEC',1,227.109),(2093,623,1,2,1,'SEC','THD',1,52.4478),(2094,623,1,3,1,'THD','APR',1,25.0053),(2095,623,1,4,1,'APR','PUT',1,49.7092),(2096,623,1,5,1,'PUT','END',1,30.0318),(2097,624,1,1,1,'DRV','SEC',1,203.992),(2098,624,1,2,1,'SEC','PUT',1,43.5913),(2099,624,1,5,1,'PUT','END',1,47.5387),(2100,625,1,1,1,'DRV','SEC',1,219.846),(2101,625,1,2,1,'SEC','PUT',1,50.7878),(2102,625,1,5,1,'PUT','END',1,58.0705),(2103,626,1,1,1,'DRV','SEC',1,227.401),(2104,626,1,2,1,'SEC','THD',1,23.0941),(2105,626,1,3,1,'THD','APR',1,48.7215),(2106,626,1,4,1,'APR','END',1,30.6871),(2107,627,1,1,1,'DRV','SEC',1,207.843),(2108,627,1,2,1,'SEC','PUT',1,24.565),(2109,627,1,5,1,'PUT','END',1,51.6962),(2110,628,1,1,1,'DRV','APR',1,321.633),(2111,628,1,4,1,'APR','PUT',1,23.4692),(2112,628,1,5,1,'PUT','END',1,52.0427),(2113,629,1,1,1,'DRV','SEC',1,206.438),(2114,629,1,2,1,'SEC','THD',1,37.2492),(2115,629,1,3,1,'THD','APR',1,32.8755),(2116,629,1,4,1,'APR','PUT',1,29.2421),(2117,629,1,5,1,'WAT','WAT',1,0.625618),(2118,629,1,5,1,'WAT','BUK',1,3.60595),(2119,629,1,5,1,'BUK','BUK',1,1.05364),(2120,629,1,5,1,'PUT','END',1,38.7021),(2121,630,1,1,1,'DRV','SEC',1,211.144),(2122,630,1,2,1,'SEC','THD',1,31.268),(2123,630,1,3,1,'THD','APR',1,44.812),(2124,630,1,4,1,'APR','END',1,40.3555),(2125,631,1,1,1,'DRV','SEC',1,207.153),(2126,631,1,2,1,'SEC','THD',1,58.6499),(2127,631,1,3,1,'THD','APR',1,46.5564),(2128,631,1,4,1,'APR','END',1,35.1208),(2129,632,1,1,1,'DRV','SEC',1,228.02),(2130,632,1,2,1,'SEC','THD',1,38.7817),(2131,632,1,3,1,'THD','APR',1,33.8507),(2132,632,1,4,1,'APR','PUT',1,25.3951),(2133,632,1,5,1,'PUT','END',1,30.9891),(2134,633,1,1,1,'DRV','SEC',1,217.629),(2135,633,1,2,1,'SEC','THD',1,23.6299),(2136,633,1,3,1,'THD','APR',1,21.2929),(2137,633,1,4,1,'APR','PUT',1,57.3267),(2138,633,1,5,1,'PUT','END',1,27.5784),(2139,634,1,1,1,'DRV','SEC',1,226.947),(2140,634,1,2,1,'SEC','THD',1,27.9074),(2141,634,1,3,1,'THD','APR',1,36.1619),(2142,634,1,4,1,'APR','PUT',1,41.7762),(2143,634,1,5,1,'PUT','END',1,22.4239),(2144,635,1,1,1,'DRV','SEC',1,225.508),(2145,635,1,2,1,'SEC','PUT',1,50.7572),(2146,635,1,5,1,'PUT','END',1,23.1663),(2147,636,1,1,1,'DRV','SEC',1,210.155),(2148,636,1,2,1,'SEC','THD',1,41.381),(2149,636,1,3,1,'THD','APR',1,25.2829),(2150,636,1,4,1,'APR','PUT',1,58.6456),(2151,636,1,5,1,'PUT','END',1,23.0564),(2152,637,1,1,1,'DRV','PUT',1,390.16),(2153,637,1,5,1,'PUT','END',1,42.8222),(2154,638,1,1,1,'DRV','APR',1,335.32),(2155,638,1,4,1,'WAT','WAT',1,4.52274),(2156,638,1,4,1,'APR','PUT',1,37.9434),(2157,638,1,5,1,'PUT','END',1,39.8809),(2158,639,1,1,1,'DRV','SEC',1,201.13),(2159,639,1,2,1,'SEC','THD',1,28.6234),(2160,639,1,3,1,'THD','PUT',1,28.1504),(2161,639,1,5,1,'PUT','END',1,41.8091),(2162,640,1,1,1,'DRV','THD',1,282.751),(2163,640,1,3,1,'THD','PUT',1,20.4709),(2164,640,1,5,1,'PUT','END',1,23.0759),(2165,641,1,1,1,'DRV','THD',1,269.886),(2166,641,1,3,1,'THD','APR',1,39.2249),(2167,641,1,4,1,'APR','END',1,27.7984),(2168,642,1,1,1,'DRV','THD',1,289.643),(2169,642,1,3,1,'THD','APR',1,59.9674),(2170,642,1,4,1,'APR','END',1,38.8274),(2171,643,1,1,1,'DRV','SEC',1,203.776),(2172,643,1,2,1,'SEC','THD',1,36.5752),(2173,643,1,3,1,'THD','APR',1,20.1227),(2174,643,1,4,1,'APR','PUT',1,38.9417),(2175,643,1,5,1,'PUT','END',1,25.1534);
/*!40000 ALTER TABLE `gmf_hole_his` ENABLE KEYS */;
UNLOCK TABLES;

--
-- Table structure for table `gmf_leag`
--

DROP TABLE IF EXISTS `gmf_leag`;
/*!40101 SET @saved_cs_client     = @@character_set_client */;
/*!40101 SET character_set_client = utf8 */;
CREATE TABLE `gmf_leag` (
  `LEAG_ID` int(11) NOT NULL AUTO_INCREMENT,
  `LEAG_NM` text,
  PRIMARY KEY (`LEAG_ID`)
) ENGINE=InnoDB AUTO_INCREMENT=4 DEFAULT CHARSET=utf8;
/*!40101 SET character_set_client = @saved_cs_client */;

--
-- Dumping data for table `gmf_leag`
--

LOCK TABLES `gmf_leag` WRITE;
/*!40000 ALTER TABLE `gmf_leag` DISABLE KEYS */;
INSERT INTO `gmf_leag` VALUES (1,'Stoke-S-S-N'),(2,'Test'),(3,'T TEST');
/*!40000 ALTER TABLE `gmf_leag` ENABLE KEYS */;
UNLOCK TABLES;

--
-- Table structure for table `gmf_player`
--

DROP TABLE IF EXISTS `gmf_player`;
/*!40101 SET @saved_cs_client     = @@character_set_client */;
/*!40101 SET character_set_client = utf8 */;
CREATE TABLE `gmf_player` (
  `PLER_ID` int(11) NOT NULL AUTO_INCREMENT,
  `GAME_ID` int(11) NOT NULL,
  `PLER_TP` text,
  `SCRE_NO` int(11) DEFAULT NULL,
  `GRD_NO` int(11) DEFAULT NULL,
  `TEAM_ID` int(11) DEFAULT NULL,
  PRIMARY KEY (`PLER_ID`,`GAME_ID`)
) ENGINE=InnoDB AUTO_INCREMENT=96 DEFAULT CHARSET=utf8;
/*!40101 SET character_set_client = @saved_cs_client */;

--
-- Dumping data for table `gmf_player`
--

LOCK TABLES `gmf_player` WRITE;
/*!40000 ALTER TABLE `gmf_player` DISABLE KEYS */;
INSERT INTO `gmf_player` VALUES (1,1,'S',19,0,1),(2,1,'S',13,0,1),(3,1,'S',17,0,1),(4,1,'S',16,0,2),(5,1,'S',17,0,2),(6,1,'S',13,0,2),(7,2,'G',16,0,4),(8,2,'G',21,0,4),(9,2,'G',0,0,4),(11,2,'G',20,0,5),(12,2,'G',12,0,5),(13,3,'G',54,0,7),(14,4,'G',10,0,8),(15,4,'G',9,0,8),(16,4,'G',9,0,9),(17,4,'G',9,0,9),(18,4,'G',8,0,10),(19,4,'G',9,0,10),(20,3,'G',50,0,7),(21,3,'G',0,0,11),(22,3,'G',88,0,12),(23,3,'G',34,0,12),(24,3,'G',20,0,14),(25,8,'G',21,0,15),(26,8,'G',15,0,15),(27,8,'G',0,0,15),(28,8,'G',14,0,16),(29,8,'G',0,0,16),(30,8,'G',0,0,16),(31,9,'G',53,0,18),(32,9,'G',109,0,18),(33,9,'G',0,0,18),(34,9,'G',301,0,19),(35,9,'G',92,0,19),(36,10,'S',30,0,21),(37,10,'S',16,0,21),(38,10,'S',33,0,22),(39,10,'S',14,0,22),(40,10,'S',19,0,23),(41,10,'S',46,0,23),(42,10,'S',34,0,24),(43,10,'S',71,0,24),(44,10,'S',0,0,24),(45,11,'S',34,0,26),(46,11,'S',34,0,26),(47,11,'S',32,0,27),(48,11,'S',0,0,27),(49,11,'S',16,0,27),(50,11,'S',14,0,28),(51,11,'S',21,0,28),(52,11,'S',0,0,28),(53,11,'S',0,0,29),(54,11,'S',0,0,29),(55,11,'S',0,0,29),(56,11,'S',29,0,29),(57,12,'G',17,0,31),(58,12,'G',0,0,31),(59,12,'G',19,0,31),(60,12,'G',17,0,32),(61,12,'G',0,0,32),(62,12,'G',0,0,32),(63,12,'G',18,0,32),(64,12,'G',17,0,33),(65,13,'G',16,0,35),(66,13,'G',17,0,35),(67,13,'G',17,0,36),(68,13,'G',32,0,36),(69,13,'G',0,0,37),(70,13,'G',32,0,37),(71,13,'G',22,0,37),(72,13,'G',74,0,39),(73,13,'G',21,0,39),(74,13,'G',0,0,39),(75,14,'G',19,0,40),(76,14,'G',19,0,40),(77,14,'G',0,0,40),(78,14,'G',19,0,41),(79,14,'G',0,0,41),(80,14,'G',16,0,41),(81,14,'G',17,0,44),(82,15,'G',22,0,50),(83,15,'G',19,0,45),(84,15,'G',16,0,46),(85,15,'G',33,0,47),(86,15,'G',0,0,47),(87,15,'G',18,0,47),(88,15,'G',16,0,48),(89,15,'G',37,0,48),(90,15,'G',0,0,48),(91,15,'G',15,0,48),(92,15,'G',0,0,52),(93,15,'G',0,0,52),(94,15,'G',15,0,52),(95,15,'G',63,0,52);
/*!40000 ALTER TABLE `gmf_player` ENABLE KEYS */;
UNLOCK TABLES;

--
-- Table structure for table `gmf_pler_grp`
--

DROP TABLE IF EXISTS `gmf_pler_grp`;
/*!40101 SET @saved_cs_client     = @@character_set_client */;
/*!40101 SET character_set_client = utf8 */;
CREATE TABLE `gmf_pler_grp` (
  `IDX` int(5) NOT NULL AUTO_INCREMENT,
  `GAME_ID` int(5) NOT NULL DEFAULT '1',
  `WRKR_ID` int(5) NOT NULL DEFAULT '1',
  `PLER_ID` int(5) NOT NULL DEFAULT '1',
  `PLER_GRP_NM` varchar(20) DEFAULT NULL,
  `GRP_CLSS_TP` varchar(3) NOT NULL DEFAULT 'N',
  PRIMARY KEY (`IDX`,`GAME_ID`,`WRKR_ID`,`PLER_ID`)
) ENGINE=InnoDB AUTO_INCREMENT=158 DEFAULT CHARSET=utf8;
/*!40101 SET character_set_client = @saved_cs_client */;

--
-- Dumping data for table `gmf_pler_grp`
--

LOCK TABLES `gmf_pler_grp` WRITE;
/*!40000 ALTER TABLE `gmf_pler_grp` DISABLE KEYS */;
INSERT INTO `gmf_pler_grp` VALUES (1,1,1,1,'T1-G1','N'),(2,1,2,2,'T1-G2','N'),(3,1,3,3,'T1-G3','N'),(4,1,4,4,'T2-G1','N'),(5,1,11,5,'T2-G2','N'),(6,1,12,6,'T2-G3','N'),(7,2,1,7,'T1-G1','A'),(8,2,2,8,'T1-G2','A'),(9,2,0,9,'T1-G3','A'),(10,2,2,7,'T1-G1','A'),(11,2,3,8,'T1-G2','A'),(14,2,5,11,'T2-G1','A'),(15,2,6,11,'T2-G1','A'),(16,2,7,12,'T2-G2','A'),(17,2,6,12,'T2-G2','A'),(18,3,1,13,'T1-G1','C'),(19,3,2,13,'T1-G1','C'),(20,3,3,13,'T1-G1','C'),(21,4,1,14,'TH - GROUP 1','A'),(22,4,4,15,'TH - GROUP 2','A'),(23,4,2,14,'TH - GROUP 1','A'),(24,4,3,15,'TH - GROUP 2','A'),(25,4,5,16,'TH - GROUP 3','A'),(26,4,11,17,'TH - GROUP 4','A'),(27,4,7,16,'TH - GROUP 3','A'),(28,4,12,17,'TH - GROUP 4','A'),(29,4,13,18,'TH - GROUP 5','A'),(30,4,15,19,'TH - GROUP 6','A'),(31,4,14,18,'TH - GROUP 5','A'),(32,4,16,19,'TH - GROUP 6','A'),(33,3,3,20,'T1-G2','C'),(34,3,4,20,'T1-G2','C'),(35,3,1,20,'T1-G2','C'),(36,3,0,21,'T2-G1','C'),(37,3,11,22,'T3-G1','C'),(38,3,12,22,'T3-G1','C'),(39,3,13,22,'T3-G1','C'),(40,3,14,22,'T3-G1','C'),(41,3,15,22,'T3-G1','C'),(42,3,15,23,'T3-G2','C'),(43,3,16,23,'T3-G2','C'),(44,3,5,24,'T5-G1','C'),(45,8,5,25,'T1-G1','A'),(46,8,6,26,'T1-G2','A'),(47,8,0,27,'T1-G3','A'),(48,8,6,25,'T1-G1','A'),(49,8,7,26,'T1-G2','A'),(50,8,10,28,'T2-G1','A'),(51,8,1,28,'T2-G1','A'),(52,8,0,29,'T2-G2','A'),(53,8,0,30,'T2-G3','A'),(54,9,5,31,'T1-G1','C'),(55,9,6,32,'T1-G2','C'),(56,9,7,32,'T1-G2','C'),(57,9,0,33,'T1-G3','C'),(58,9,11,34,'T2-G1','C'),(59,9,12,34,'T2-G1','C'),(60,9,13,34,'T2-G1','C'),(61,9,14,34,'T2-G1','C'),(62,9,15,34,'T2-G1','C'),(63,9,16,34,'T2-G1','C'),(64,9,1,35,'T2-G2','C'),(65,9,2,35,'T2-G2','C'),(66,10,1,36,'T1-G1','N'),(67,10,2,37,'T1-G2','N'),(68,10,2,36,'T1-G1','N'),(69,10,3,38,'T2-G1','N'),(70,10,4,39,'T2-G2','N'),(71,10,10,38,'T2-G1','N'),(72,10,5,40,'T3-G1','N'),(73,10,5,41,'T3-G2','N'),(74,10,6,41,'T3-G2','N'),(75,10,7,41,'T3-G2','N'),(76,10,11,42,'T4-G1','N'),(77,10,13,43,'T4-G2','N'),(78,10,0,44,'T4-G3','N'),(79,10,12,42,'T4-G1','N'),(80,10,14,43,'T4-G2','N'),(81,10,15,43,'T4-G2','N'),(82,10,16,43,'T4-G2','N'),(83,11,11,45,'T1-G1','N'),(84,11,13,46,'T1-G2','N'),(85,11,12,45,'T1-G1','N'),(86,11,14,46,'T1-G2','N'),(87,11,15,47,'T2-G1','N'),(88,11,0,48,'T2-G2','N'),(89,11,5,49,'T2-G3','N'),(90,11,16,47,'T2-G1','N'),(91,11,1,50,'T3-G1','N'),(92,11,2,51,'T3-G2','N'),(93,11,0,52,'T3-G3','N'),(94,11,0,53,'T4-G1','N'),(95,11,0,54,'T4-G2','N'),(96,11,0,55,'T4-G3','N'),(97,11,4,56,'T4-G4','N'),(98,11,3,56,'T4-G4','N'),(99,12,3,57,'T1-G1','A'),(100,12,0,58,'T1-G2','A'),(101,12,2,59,'T1-G3','A'),(102,12,10,57,'T1-G1','A'),(103,12,17,59,'T1-G3','A'),(104,12,11,60,'T2-G1','A'),(105,12,0,61,'T2-G2','A'),(106,12,0,62,'T2-G3','A'),(107,12,13,63,'T2-G4','A'),(108,12,12,60,'T2-G1','A'),(109,12,14,63,'T2-G4','A'),(110,12,15,64,'T3-G3','A'),(111,12,16,64,'T3-G3','A'),(112,13,1,65,'T1-G1','C'),(113,13,2,66,'T1-G2','C'),(114,13,5,67,'T2-G1','C'),(115,13,6,68,'T2-G2','C'),(116,13,7,68,'T2-G2','C'),(117,13,0,69,'T3-G1','C'),(118,13,10,70,'T3-G2','C'),(119,13,3,71,'T3-G3','C'),(120,13,17,70,'T3-G2','C'),(121,13,12,72,'T5-G5','C'),(122,13,11,73,'T5-G1','C'),(123,13,0,74,'T5-G2','C'),(124,13,13,72,'T5-G5','C'),(125,13,14,72,'T5-G5','C'),(126,13,15,72,'T5-G5','C'),(127,14,15,75,'T1-G1','A'),(128,14,2,76,'T1-G10','A'),(129,14,0,77,'T1-G2','A'),(130,14,16,75,'T1-G1','A'),(131,14,17,76,'T1-G10','A'),(132,14,4,78,'T2-G2','A'),(133,14,0,79,'T2-G1','A'),(134,14,1,80,'T2-G3','A'),(135,14,3,80,'T2-G3','A'),(136,14,5,78,'T2-G2','A'),(137,14,6,81,'T5-G5','A'),(138,14,7,81,'T5-G5','A'),(139,15,2,82,'T11-G11','C'),(140,15,17,83,'T1-G1','C'),(141,15,5,84,'T2-G1','C'),(142,15,6,85,'T3-G1','C'),(143,15,0,86,'T3-G2','C'),(144,15,1,87,'T3-G3','C'),(145,15,7,85,'T3-G1','C'),(146,15,4,88,'T4-G1','C'),(147,15,3,89,'T4-G2','C'),(148,15,0,90,'T4-G3','C'),(149,15,11,91,'T4-G4','C'),(150,15,10,89,'T4-G2','C'),(151,15,0,92,'T7-G1','C'),(152,15,0,93,'T7-G2','C'),(153,15,12,94,'T7-G3','C'),(154,15,13,95,'T7-G7','C'),(155,15,14,95,'T7-G7','C'),(156,15,15,95,'T7-G7','C'),(157,15,16,95,'T7-G7','C');
/*!40000 ALTER TABLE `gmf_pler_grp` ENABLE KEYS */;
UNLOCK TABLES;

--
-- Table structure for table `gmf_rnk`
--

DROP TABLE IF EXISTS `gmf_rnk`;
/*!40101 SET @saved_cs_client     = @@character_set_client */;
/*!40101 SET character_set_client = utf8 */;
CREATE TABLE `gmf_rnk` (
  `RNK_ID` int(11) NOT NULL AUTO_INCREMENT,
  `LEAG_NM` text,
  `RNK_NO` int(11) DEFAULT NULL,
  `WRKR_NM` text,
  `PNT_NO` int(11) DEFAULT NULL,
  PRIMARY KEY (`RNK_ID`)
) ENGINE=InnoDB DEFAULT CHARSET=utf8;
/*!40101 SET character_set_client = @saved_cs_client */;

--
-- Dumping data for table `gmf_rnk`
--

LOCK TABLES `gmf_rnk` WRITE;
/*!40000 ALTER TABLE `gmf_rnk` DISABLE KEYS */;
/*!40000 ALTER TABLE `gmf_rnk` ENABLE KEYS */;
UNLOCK TABLES;

--
-- Table structure for table `gmf_team`
--

DROP TABLE IF EXISTS `gmf_team`;
/*!40101 SET @saved_cs_client     = @@character_set_client */;
/*!40101 SET character_set_client = utf8 */;
CREATE TABLE `gmf_team` (
  `TEAM_ID` int(5) NOT NULL AUTO_INCREMENT,
  `GAME_ID` int(5) NOT NULL DEFAULT '0',
  `TEAM_NM` varchar(20) NOT NULL,
  `SCRE_NO` int(3) DEFAULT NULL,
  `GRD_NO` int(3) NOT NULL DEFAULT '0',
  PRIMARY KEY (`TEAM_ID`,`GAME_ID`)
) ENGINE=InnoDB AUTO_INCREMENT=53 DEFAULT CHARSET=utf8;
/*!40101 SET character_set_client = @saved_cs_client */;

--
-- Dumping data for table `gmf_team`
--

LOCK TABLES `gmf_team` WRITE;
/*!40000 ALTER TABLE `gmf_team` DISABLE KEYS */;
INSERT INTO `gmf_team` VALUES (1,1,'C1-T1',49,0),(2,1,'C1-T2',46,0),(3,1,'C1-T3',0,0),(4,2,'C2-T1',37,0),(5,2,'C2-T2',32,0),(6,2,'C2-T3',0,0),(7,3,'C3-T1',104,0),(8,4,'TH-TEAM 1',19,0),(9,4,'TH-TEAM 2',18,0),(10,4,'TH-TEAM 3',17,0),(11,3,'C3-T2',0,0),(12,3,'C3-T3',122,0),(13,3,'C3-T4',0,0),(14,3,'C3-T5',20,0),(15,8,'C4-T1',36,0),(16,8,'C4-T2',14,0),(17,8,'C4-T3',0,0),(18,9,'C5-T1',162,0),(19,9,'C5-T2',393,0),(20,9,'C5-T3',0,0),(21,10,'C6-T1',46,0),(22,10,'C6-T2',47,0),(23,10,'C6-T3',65,0),(24,10,'C6-T4',105,0),(25,10,'C6-T5',0,0),(26,11,'C7-T1',68,0),(27,11,'C7-T2',48,0),(28,11,'C7-T3',35,0),(29,11,'C7-T4',29,0),(30,11,'C7-T5',0,0),(31,12,'C8-T1',36,0),(32,12,'C8-T2',35,0),(33,12,'C8-T3',17,0),(34,12,'C8-T4',0,0),(35,13,'C9-T1',33,0),(36,13,'C9-T2',49,0),(37,13,'C9-T3',54,0),(38,13,'C9-T4',0,0),(39,13,'C9-T5',95,0),(40,14,'C10-T1',38,0),(41,14,'C10-T2',35,0),(42,14,'C10-T3',0,0),(43,14,'C10-T4',0,0),(44,14,'C10-T5',17,0),(45,15,'C11-T1',19,0),(46,15,'C11-T2',16,0),(47,15,'C11-T3',51,0),(48,15,'C11-T4',68,0),(49,15,'C11-T5',0,0),(50,15,'C11-T11',22,0),(51,15,'C11-T6',0,0),(52,15,'C11-T7',78,0);
/*!40000 ALTER TABLE `gmf_team` ENABLE KEYS */;
UNLOCK TABLES;

--
-- Table structure for table `gmf_wrkr`
--

DROP TABLE IF EXISTS `gmf_wrkr`;
/*!40101 SET @saved_cs_client     = @@character_set_client */;
/*!40101 SET character_set_client = utf8 */;
CREATE TABLE `gmf_wrkr` (
  `WRKR_ID` int(11) NOT NULL AUTO_INCREMENT,
  `WRKR_NM` text,
  `CRE_DT` datetime DEFAULT NULL,
  PRIMARY KEY (`WRKR_ID`)
) ENGINE=InnoDB AUTO_INCREMENT=18 DEFAULT CHARSET=utf8;
/*!40101 SET character_set_client = @saved_cs_client */;

--
-- Dumping data for table `gmf_wrkr`
--

LOCK TABLES `gmf_wrkr` WRITE;
/*!40000 ALTER TABLE `gmf_wrkr` DISABLE KEYS */;
INSERT INTO `gmf_wrkr` VALUES (1,'thuongtran','2017-08-31 22:00:22'),(2,'vanngo','2017-08-31 22:00:22'),(3,'khangdong','2017-08-31 22:00:22'),(4,'lucduong','2017-08-31 22:00:22'),(5,'cltmaster','2017-08-31 22:00:22'),(6,'senioruser','2017-08-31 22:00:22'),(7,'junioruser','2017-08-31 22:00:22'),(10,'dongvanankhang',NULL),(11,'worker1',NULL),(12,'worker2',NULL),(13,'worker3',NULL),(14,'worker4',NULL),(15,'worker5',NULL),(16,'worker6',NULL),(17,'giavan',NULL);
/*!40000 ALTER TABLE `gmf_wrkr` ENABLE KEYS */;
UNLOCK TABLES;

--
-- Table structure for table `gmf_wrkr_lvl`
--

DROP TABLE IF EXISTS `gmf_wrkr_lvl`;
/*!40101 SET @saved_cs_client     = @@character_set_client */;
/*!40101 SET character_set_client = utf8 */;
CREATE TABLE `gmf_wrkr_lvl` (
  `IDX` int(11) NOT NULL AUTO_INCREMENT,
  `CFD_ID` int(11) DEFAULT NULL,
  `WRKR_ID` int(11) DEFAULT NULL,
  `LVL_1_NO` int(11) DEFAULT NULL,
  `LVL_2_NO` int(11) DEFAULT NULL,
  `LVL_3_NO` int(11) DEFAULT NULL,
  `LVL_4_NO` int(11) DEFAULT NULL,
  `LVL_5_NO` int(11) DEFAULT NULL,
  `LVL_6_NO` int(11) DEFAULT NULL,
  `LVL_7_NO` int(11) DEFAULT NULL,
  `LVL_8_NO` int(11) DEFAULT NULL,
  `LVL_9_NO` int(11) DEFAULT NULL,
  `LVL_10_NO` int(11) DEFAULT NULL,
  PRIMARY KEY (`IDX`)
) ENGINE=InnoDB AUTO_INCREMENT=5 DEFAULT CHARSET=utf8;
/*!40101 SET character_set_client = @saved_cs_client */;

--
-- Dumping data for table `gmf_wrkr_lvl`
--

LOCK TABLES `gmf_wrkr_lvl` WRITE;
/*!40000 ALTER TABLE `gmf_wrkr_lvl` DISABLE KEYS */;
INSERT INTO `gmf_wrkr_lvl` VALUES (1,1,1,1,2,3,10,7,10,9,5,1,2),(2,1,2,7,2,10,2,10,1,5,10,10,5),(3,1,3,10,9,10,7,10,7,1,10,9,1),(4,1,4,9,10,10,7,2,7,10,10,9,2);
/*!40000 ALTER TABLE `gmf_wrkr_lvl` ENABLE KEYS */;
UNLOCK TABLES;

--
-- Table structure for table `notification`
--

DROP TABLE IF EXISTS `notification`;
/*!40101 SET @saved_cs_client     = @@character_set_client */;
/*!40101 SET character_set_client = utf8 */;
CREATE TABLE `notification` (
  `id` int(11) NOT NULL AUTO_INCREMENT,
  `URL` varchar(50) DEFAULT NULL,
  `CONTENT` varchar(255) DEFAULT NULL,
  `READFLAG` tinyint(1) DEFAULT NULL,
  `USERNAME` varchar(50) DEFAULT NULL,
  `createdAt` datetime NOT NULL,
  `updatedAt` datetime NOT NULL,
  PRIMARY KEY (`id`)
) ENGINE=InnoDB AUTO_INCREMENT=5 DEFAULT CHARSET=utf8;
/*!40101 SET character_set_client = @saved_cs_client */;

--
-- Dumping data for table `notification`
--

LOCK TABLES `notification` WRITE;
/*!40000 ALTER TABLE `notification` DISABLE KEYS */;
INSERT INTO `notification` VALUES (1,'/notice-game-result','You have new game results notification',1,'THUONGTRAN','2017-09-26 09:22:40','2017-09-26 09:22:43'),(2,'/notice-game-result','You have new game results notification',1,'THUONGTRAN','2017-09-26 09:33:51','2017-09-26 09:33:54'),(3,'/notice-game-result','You have new game results notification',1,'THUONGTRAN','2017-10-23 01:35:45','2017-10-23 01:35:53'),(4,'/notice-game-result','You have new game results notification',1,'THUONGTRAN','2017-10-23 01:56:02','2017-10-23 01:56:06');
/*!40000 ALTER TABLE `notification` ENABLE KEYS */;
UNLOCK TABLES;

--
-- Table structure for table `session`
--

DROP TABLE IF EXISTS `session`;
/*!40101 SET @saved_cs_client     = @@character_set_client */;
/*!40101 SET character_set_client = utf8 */;
CREATE TABLE `session` (
  `session_id` varchar(128) CHARACTER SET utf8mb4 COLLATE utf8mb4_bin NOT NULL,
  `expires` int(11) unsigned NOT NULL,
  `data` text CHARACTER SET utf8mb4 COLLATE utf8mb4_bin,
  PRIMARY KEY (`session_id`)
) ENGINE=InnoDB DEFAULT CHARSET=latin1;
/*!40101 SET character_set_client = @saved_cs_client */;

--
-- Dumping data for table `session`
--

LOCK TABLES `session` WRITE;
/*!40000 ALTER TABLE `session` DISABLE KEYS */;
INSERT INTO `session` VALUES ('GqNXOHS9oeTTm-wlAQYz_ac398vtrtXh',1512467599,'{\"cookie\":{\"originalMaxAge\":false,\"expires\":false,\"httpOnly\":true,\"path\":\"/\"},\"_csrfSecret\":\"QLM8e2uLfJ76LQ==\",\"flash\":{},\"returnTo\":\"/\",\"passport\":{\"user\":2}}'),('aV3XnhhN17SPFKcTfXtT9aAgh1uzKPLq',1512436519,'{\"cookie\":{\"originalMaxAge\":null,\"expires\":null,\"httpOnly\":true,\"path\":\"/\"},\"_csrfSecret\":\"mtm1yeTRmzHllg==\",\"flash\":{},\"returnTo\":\"/\"}'),('vlgmp88nCVLgKk7HggYxmKSwA4lcqvbg',1512436520,'{\"cookie\":{\"originalMaxAge\":null,\"expires\":null,\"httpOnly\":true,\"path\":\"/\"},\"_csrfSecret\":\"kHVReDodtGcaXw==\",\"flash\":{}}');
/*!40000 ALTER TABLE `session` ENABLE KEYS */;
UNLOCK TABLES;

--
-- Table structure for table `user`
--

DROP TABLE IF EXISTS `user`;
/*!40101 SET @saved_cs_client     = @@character_set_client */;
/*!40101 SET character_set_client = utf8 */;
CREATE TABLE `user` (
  `id` int(11) NOT NULL AUTO_INCREMENT,
  `email` varchar(255) DEFAULT NULL,
  `username` varchar(255) DEFAULT NULL,
  `password` varchar(255) DEFAULT NULL,
  `publish` tinyint(1) DEFAULT NULL,
  `admin` tinyint(1) DEFAULT NULL,
  `deleteFlag` tinyint(1) DEFAULT NULL,
  `activeFlag` tinyint(1) DEFAULT NULL,
  `createdAt` datetime NOT NULL,
  `updatedAt` datetime NOT NULL,
  `imgurl` varchar(225) DEFAULT NULL,
  PRIMARY KEY (`id`)
) ENGINE=InnoDB AUTO_INCREMENT=4 DEFAULT CHARSET=latin1;
/*!40101 SET character_set_client = @saved_cs_client */;

--
-- Dumping data for table `user`
--

LOCK TABLES `user` WRITE;
/*!40000 ALTER TABLE `user` DISABLE KEYS */;
INSERT INTO `user` VALUES (1,'khang.dong@dounets.com','KhangDong','$2a$10$SsJV9XPIwTAKXv1NW9rMk.aAh8SUcTKqzyAs9lctgEaO3KD9bNl2G',0,1,0,1,'2017-09-05 09:02:49','2017-09-05 09:02:53','https://scontent.fsgn5-2.fna.fbcdn.net/v/t1.0-1/p240x240/15622594_1069811599811820_7091196886924491339_n.jpg?oh=14f585d5eec07e3848b3c1279242b51c&oe=5A5917D2'),(2,'thuong.tran@dounets.com','ThuongTran','$2a$10$SsJV9XPIwTAKXv1NW9rMk.aAh8SUcTKqzyAs9lctgEaO3KD9bNl2G',0,1,0,1,'0000-00-00 00:00:00','0000-00-00 00:00:00','https://d1nwosmzpc2sru.cloudfront.net/dims4/GG/fa63923/2147483647/crop/247x247%2B58%2B0/resize/350x350%5E/quality/90/?url=https%3A%2F%2Fd1nwosmzpc2sru.cloudfront.net%2F6a%2Fd6%2F30a465f64d7db2fce7f6c1dd473e%2Fball-and-tee.jpg'),(3,'van.ngo@dounets.com','VanNgo','$2a$10$SsJV9XPIwTAKXv1NW9rMk.aAh8SUcTKqzyAs9lctgEaO3KD9bNl2G',0,1,0,1,'0000-00-00 00:00:00','0000-00-00 00:00:00','/assets/img/faces/marc.jpg');
/*!40000 ALTER TABLE `user` ENABLE KEYS */;
UNLOCK TABLES;

--
-- Table structure for table `work_history`
--

DROP TABLE IF EXISTS `work_history`;
/*!40101 SET @saved_cs_client     = @@character_set_client */;
/*!40101 SET character_set_client = utf8 */;
CREATE TABLE `work_history` (
  `WRK_HIS_ID` int(11) NOT NULL AUTO_INCREMENT,
  `USR_ID` int(11) DEFAULT NULL,
  `PROC_NM` text,
  `ST_DT` datetime DEFAULT NULL,
  `END_DT` datetime DEFAULT NULL,
  `LD_TM` float DEFAULT NULL,
  `CRE_DT` datetime DEFAULT NULL,
  PRIMARY KEY (`WRK_HIS_ID`)
) ENGINE=InnoDB AUTO_INCREMENT=154 DEFAULT CHARSET=latin1;
/*!40101 SET character_set_client = @saved_cs_client */;

--
-- Dumping data for table `work_history`
--

LOCK TABLES `work_history` WRITE;
/*!40000 ALTER TABLE `work_history` DISABLE KEYS */;
INSERT INTO `work_history` VALUES (1,1,'A','2017-08-04 17:45:05','2017-08-10 09:49:53',5.67,'2017-08-31 11:15:38'),(2,2,'A','2017-08-15 13:06:50','2017-08-19 21:59:38',4.37,'2017-08-31 11:15:38'),(3,1,'B','2017-08-08 06:55:14','2017-08-17 02:07:14',8.8,'2017-08-31 11:15:38'),(4,2,'B','2017-08-16 21:24:51','2017-08-18 19:15:15',1.91,'2017-08-31 11:15:38'),(5,1,'A','2017-08-10 00:57:56','2017-08-13 05:31:32',3.19,'2017-08-31 11:15:38'),(6,2,'B','2017-08-29 15:50:08','2017-09-06 08:38:08',7.7,'2017-08-31 11:15:38'),(7,2,'A','2017-08-27 21:17:22','2017-09-02 19:22:10',5.92,'2017-08-31 11:15:38'),(8,2,'B','2017-08-02 15:37:24','2017-08-07 06:01:24',4.6,'2017-08-31 11:15:38'),(9,2,'A','2017-08-06 06:35:13','2017-08-09 10:25:37',3.16,'2017-08-31 11:15:38'),(10,1,'B','2017-08-19 11:46:51','2017-08-28 23:03:39',9.47,'2017-08-31 11:15:38'),(11,1,'B','2017-08-12 12:25:57','2017-08-17 02:21:09',4.58,'2017-08-31 11:15:38'),(12,1,'B','2017-08-28 19:07:26','2017-09-03 14:48:14',5.82,'2017-08-31 11:15:38'),(13,1,'A','2017-08-30 18:45:04','2017-09-05 12:16:16',5.73,'2017-08-31 11:15:38'),(14,2,'B','2017-08-02 07:34:38','2017-08-05 12:51:26',3.22,'2017-08-31 11:15:38'),(15,1,'B','2017-08-27 20:09:36','2017-08-29 12:43:12',1.69,'2017-08-31 11:15:38'),(16,1,'B','2017-08-30 13:16:21','2017-09-04 18:33:09',5.22,'2017-08-31 11:15:38'),(17,2,'B','2017-08-31 00:13:30','2017-09-04 02:23:06',4.09,'2017-08-31 11:15:38'),(18,1,'A','2017-08-27 08:40:06','2017-08-29 03:08:54',1.77,'2017-08-31 11:15:38'),(19,1,'A','2017-08-22 01:05:55','2017-08-23 04:56:19',1.16,'2017-08-31 11:15:38'),(20,2,'B','2017-08-30 14:31:03','2017-09-01 18:35:51',9.17,'2017-08-31 11:15:38'),(21,2,'A','2017-08-13 07:57:50','2017-08-17 17:05:02',4.38,'2017-08-31 11:15:38'),(22,1,'A','2017-08-04 02:29:43','2017-08-07 02:29:43',3,'2017-08-31 11:15:38'),(23,1,'B','2017-08-10 20:16:25','2017-08-13 11:38:01',2.64,'2017-08-31 11:15:38'),(24,2,'A','2017-08-21 02:28:57','2017-08-23 20:28:57',2.75,'2017-08-31 11:15:38'),(25,1,'B','2017-08-11 15:21:18','2017-08-18 21:21:18',7.25,'2017-08-31 11:15:38'),(26,2,'A','2017-08-18 12:09:21','2017-08-25 11:54:57',6.99,'2017-08-31 11:15:38'),(27,1,'B','2017-08-08 07:03:51','2017-08-09 19:32:39',1.52,'2017-08-31 11:15:38'),(28,2,'A','2017-08-27 02:56:41','2017-08-30 05:06:17',3.09,'2017-08-31 11:15:38'),(29,1,'A','2017-08-01 14:15:15','2017-08-05 20:29:39',4.26,'2017-08-31 11:15:38'),(30,2,'A','2017-08-27 23:52:38','2017-09-04 23:52:38',8,'2017-08-31 11:15:38'),(46,1,'A','2017-09-02 09:38:05','2017-09-07 14:54:53',5.22,'2017-09-07 14:54:53'),(47,2,'A','2017-09-02 03:09:17','2017-09-07 14:54:53',5.49,'2017-09-07 14:54:53'),(48,2,'A','2017-09-03 11:47:41','2017-09-07 14:54:53',4.13,'2017-09-07 14:54:53'),(49,3,'A','2017-09-01 21:38:05','2017-09-07 14:54:53',5.72,'2017-09-07 14:54:53'),(50,3,'A','2017-09-01 09:38:05','2017-09-07 14:54:53',6.22,'2017-09-07 14:54:53'),(51,4,'A','2017-09-04 08:54:53','2017-09-07 14:54:53',3.25,'2017-09-07 14:54:53'),(52,1,'A','2017-09-06 06:09:01','2017-09-07 17:11:25',1.46,'2017-09-07 17:11:25'),(53,1,'A','2017-09-04 02:18:37','2017-09-07 17:11:25',3.62,'2017-09-07 17:11:25'),(54,2,'A','2017-09-04 20:33:01','2017-09-07 17:11:25',2.86,'2017-09-07 17:11:25'),(55,2,'A','2017-08-30 22:13:49','2017-09-07 17:11:25',7.79,'2017-09-07 17:11:25'),(56,3,'A','2017-09-04 03:16:13','2017-09-07 17:11:25',3.58,'2017-09-07 17:11:25'),(57,3,'A','2017-09-05 20:04:13','2017-09-07 17:11:25',1.88,'2017-09-07 17:11:25'),(58,4,'A','2017-09-03 23:11:25','2017-09-07 17:11:25',3.75,'2017-09-07 17:11:25'),(141,1,'A','2017-09-01 18:24:33','2017-09-08 13:07:45',6.78,'2017-09-08 13:07:45'),(142,1,'A','2017-09-03 02:05:21','2017-09-08 13:07:45',5.46,'2017-09-08 13:07:45'),(143,2,'A','2017-09-01 00:38:57','2017-09-08 13:07:45',7.52,'2017-09-08 13:07:45'),(144,2,'A','2017-09-05 15:17:21','2017-09-08 13:07:45',2.91,'2017-09-08 13:07:45'),(145,3,'A','2017-09-04 01:22:09','2017-09-08 13:07:45',4.49,'2017-09-08 13:07:45'),(146,3,'A','2017-09-01 17:55:45','2017-09-08 13:07:45',6.8,'2017-09-08 13:07:45'),(147,4,'A','2017-08-31 19:36:33','2017-09-08 13:07:45',7.73,'2017-09-08 13:07:45'),(148,1,'A','2017-09-02 04:33:51','2017-09-08 13:12:15',6.36,'2017-09-08 13:12:15'),(149,1,'A','2017-09-04 07:12:15','2017-09-08 13:12:15',4.25,'2017-09-08 13:12:15'),(150,2,'A','2017-09-03 07:12:15','2017-09-08 13:12:15',5.25,'2017-09-08 13:12:15'),(151,3,'A','2017-09-02 10:33:51','2017-09-08 13:12:15',6.11,'2017-09-08 13:12:15'),(152,3,'A','2017-09-01 23:17:03','2017-09-08 13:12:15',6.58,'2017-09-08 13:12:15'),(153,4,'A','2017-09-03 00:29:03','2017-09-08 13:12:15',5.53,'2017-09-08 13:12:15');
/*!40000 ALTER TABLE `work_history` ENABLE KEYS */;
UNLOCK TABLES;

--
-- Dumping routines for database 'gamification'
--
/*!50003 DROP FUNCTION IF EXISTS `test_func` */;
/*!50003 SET @saved_cs_client      = @@character_set_client */ ;
/*!50003 SET @saved_cs_results     = @@character_set_results */ ;
/*!50003 SET @saved_col_connection = @@collation_connection */ ;
/*!50003 SET character_set_client  = utf8mb4 */ ;
/*!50003 SET character_set_results = utf8mb4 */ ;
/*!50003 SET collation_connection  = utf8mb4_general_ci */ ;
/*!50003 SET @saved_sql_mode       = @@sql_mode */ ;
/*!50003 SET sql_mode              = 'NO_AUTO_VALUE_ON_ZERO' */ ;
DELIMITER ;;
CREATE DEFINER=`root`@`%` FUNCTION `test_func`(s char(20)) RETURNS char(50) CHARSET utf8
    DETERMINISTIC
BEGIN
RETURN CONCAT('Hello, ',s,'!');
END ;;
DELIMITER ;
/*!50003 SET sql_mode              = @saved_sql_mode */ ;
/*!50003 SET character_set_client  = @saved_cs_client */ ;
/*!50003 SET character_set_results = @saved_cs_results */ ;
/*!50003 SET collation_connection  = @saved_col_connection */ ;
/*!50003 DROP PROCEDURE IF EXISTS `api_getGames_by_League` */;
/*!50003 SET @saved_cs_client      = @@character_set_client */ ;
/*!50003 SET @saved_cs_results     = @@character_set_results */ ;
/*!50003 SET @saved_col_connection = @@collation_connection */ ;
/*!50003 SET character_set_client  = utf8 */ ;
/*!50003 SET character_set_results = utf8 */ ;
/*!50003 SET collation_connection  = utf8_general_ci */ ;
/*!50003 SET @saved_sql_mode       = @@sql_mode */ ;
/*!50003 SET sql_mode              = 'ONLY_FULL_GROUP_BY,STRICT_TRANS_TABLES,NO_ZERO_IN_DATE,NO_ZERO_DATE,ERROR_FOR_DIVISION_BY_ZERO,NO_AUTO_CREATE_USER,NO_ENGINE_SUBSTITUTION' */ ;
DELIMITER ;;
CREATE DEFINER=`golf_user`@`%` PROCEDURE `api_getGames_by_League`(in leagueName varchar(20), gameName varchar(20))
BEGIN
	DECLARE league_id int DEFAULT 0;
SELECT 
    lg.LEAG_ID
FROM
    gmf_leag lg
WHERE
    lg.LEAG_NM = leagueName INTO league_id;
    
SELECT 
    *
FROM
    gmf_game g
WHERE
    g.LEAG_ID = league_id
        AND g.GAME_NM LIKE CONCAT(gameName, '%');
END ;;
DELIMITER ;
/*!50003 SET sql_mode              = @saved_sql_mode */ ;
/*!50003 SET character_set_client  = @saved_cs_client */ ;
/*!50003 SET character_set_results = @saved_cs_results */ ;
/*!50003 SET collation_connection  = @saved_col_connection */ ;
/*!50003 DROP PROCEDURE IF EXISTS `get_all_game_results_by_day` */;
/*!50003 SET @saved_cs_client      = @@character_set_client */ ;
/*!50003 SET @saved_cs_results     = @@character_set_results */ ;
/*!50003 SET @saved_col_connection = @@collation_connection */ ;
/*!50003 SET character_set_client  = utf8 */ ;
/*!50003 SET character_set_results = utf8 */ ;
/*!50003 SET collation_connection  = utf8_general_ci */ ;
/*!50003 SET @saved_sql_mode       = @@sql_mode */ ;
/*!50003 SET sql_mode              = 'ONLY_FULL_GROUP_BY,STRICT_TRANS_TABLES,NO_ZERO_IN_DATE,NO_ZERO_DATE,ERROR_FOR_DIVISION_BY_ZERO,NO_AUTO_CREATE_USER,NO_ENGINE_SUBSTITUTION' */ ;
DELIMITER ;;
CREATE DEFINER=`root`@`%` PROCEDURE `get_all_game_results_by_day`( in worker_id int, league_name varchar(20), start_date Date, end_date Date, _day varchar(3))
BEGIN
	DECLARE league_id int DEFAULT 0;
SELECT 
    gmf_leag.LEAG_ID
FROM
    gmf_leag
WHERE
    gmf_leag.LEAG_NM = league_name INTO league_id;
    
	SELECT 
    SUM(gmf_hole.SCRE_NO) AS SUM_SCRE_NO, COUNT(*) AS CNT
FROM
    gmf_leag
        INNER JOIN
    gmf_game ON league_id = gmf_game.LEAG_ID
        AND gmf_game.ST_DT = start_date
        AND gmf_game.END_DT = end_date
        INNER JOIN
    gmf_player ON gmf_game.GAME_ID = gmf_player.GAME_ID
        INNER JOIN
    gmf_hole ON gmf_player.PLER_ID = gmf_hole.PLER_ID
        AND (gmf_hole.WRKR_1_ID = worker_id
        OR gmf_hole.WRKR_2_ID = worker_id)
        AND gmf_hole.WK_DY = _day
        AND gmf_hole.HOLE_DT >=  start_date 
        AND gmf_hole.HOLE_DT < end_date + 1 ;
END ;;
DELIMITER ;
/*!50003 SET sql_mode              = @saved_sql_mode */ ;
/*!50003 SET character_set_client  = @saved_cs_client */ ;
/*!50003 SET character_set_results = @saved_cs_results */ ;
/*!50003 SET collation_connection  = @saved_col_connection */ ;
/*!50003 DROP PROCEDURE IF EXISTS `get_average_league_point` */;
/*!50003 SET @saved_cs_client      = @@character_set_client */ ;
/*!50003 SET @saved_cs_results     = @@character_set_results */ ;
/*!50003 SET @saved_col_connection = @@collation_connection */ ;
/*!50003 SET character_set_client  = utf8 */ ;
/*!50003 SET character_set_results = utf8 */ ;
/*!50003 SET collation_connection  = utf8_general_ci */ ;
/*!50003 SET @saved_sql_mode       = @@sql_mode */ ;
/*!50003 SET sql_mode              = 'ONLY_FULL_GROUP_BY,STRICT_TRANS_TABLES,NO_ZERO_IN_DATE,NO_ZERO_DATE,ERROR_FOR_DIVISION_BY_ZERO,NO_AUTO_CREATE_USER,NO_ENGINE_SUBSTITUTION' */ ;
DELIMITER ;;
CREATE DEFINER=`root`@`%` PROCEDURE `get_average_league_point`( IN league_name VARCHAR(20))
BEGIN
	DECLARE league_id int DEFAULT 0;
    SELECT gmf_leag.LEAG_ID from gmf_leag WHERE gmf_leag.LEAG_NM = league_name INTO league_id;
    
    
	SELECT 
		-- gmf_hole.HOLE_ID, gmf_hole.HOLE_TP, gmf_hole.SCRE_NO, gmf_hole.WK_DY, COUNT(gmf_hole.HOLE_ID)
		(SELECT AVG(gmf_hole.SCRE_NO) FROM gmf_hole WHERE  gmf_hole.WK_DY = 'Mon') as 'hole_1',
		(SELECT AVG(gmf_hole.SCRE_NO) FROM gmf_hole WHERE  gmf_hole.WK_DY = 'Tue') as 'hole_2'	,
		(SELECT AVG(gmf_hole.SCRE_NO) FROM gmf_hole WHERE  gmf_hole.WK_DY = 'Wed') as 'hole_3'	,
		(SELECT AVG(gmf_hole.SCRE_NO) FROM gmf_hole WHERE  gmf_hole.WK_DY = 'Thu') as 'hole_4'	,
		(SELECT AVG(gmf_hole.SCRE_NO) FROM gmf_hole WHERE  gmf_hole.WK_DY = 'Fri') as 'hole_5'	
	FROM
		gmf_leag
			INNER JOIN
		gmf_game ON league_id = gmf_game.LEAG_ID
			INNER JOIN
		gmf_player ON gmf_game.GAME_ID = gmf_player.GAME_ID
			INNER JOIN
		gmf_hole ON gmf_player.PLER_ID = gmf_hole.PLER_ID
	GROUP BY 'hole_1';  -- gmf_hole.HOLE_ID
END ;;
DELIMITER ;
/*!50003 SET sql_mode              = @saved_sql_mode */ ;
/*!50003 SET character_set_client  = @saved_cs_client */ ;
/*!50003 SET character_set_results = @saved_cs_results */ ;
/*!50003 SET collation_connection  = @saved_col_connection */ ;
/*!50003 DROP PROCEDURE IF EXISTS `get_avg_point_of_week` */;
/*!50003 SET @saved_cs_client      = @@character_set_client */ ;
/*!50003 SET @saved_cs_results     = @@character_set_results */ ;
/*!50003 SET @saved_col_connection = @@collation_connection */ ;
/*!50003 SET character_set_client  = utf8 */ ;
/*!50003 SET character_set_results = utf8 */ ;
/*!50003 SET collation_connection  = utf8_general_ci */ ;
/*!50003 SET @saved_sql_mode       = @@sql_mode */ ;
/*!50003 SET sql_mode              = 'ONLY_FULL_GROUP_BY,STRICT_TRANS_TABLES,NO_ZERO_IN_DATE,NO_ZERO_DATE,ERROR_FOR_DIVISION_BY_ZERO,NO_AUTO_CREATE_USER,NO_ENGINE_SUBSTITUTION' */ ;
DELIMITER ;;
CREATE DEFINER=`root`@`%` PROCEDURE `get_avg_point_of_week`( in worker_id int, league_name varchar(20), start_date Date, end_date Date)
BEGIN
	DECLARE league_id int DEFAULT 0;
SELECT 
    gmf_leag.LEAG_ID
FROM
    gmf_leag
WHERE
    gmf_leag.LEAG_NM = league_name INTO league_id;
    
	SELECT 
    AVG(SCRE_NO) AS AVG_SCRE_NO_OF_WEEK
FROM
    (SELECT 
        gmf_hole.HOLE_ID,
		gmf_hole.HOLE_TP,
		gmf_hole.SCRE_NO,
		gmf_hole.WK_DY
    FROM
        gmf_leag
    INNER JOIN gmf_game ON gmf_game.LEAG_ID = league_id
        AND gmf_game.ST_DT = start_date
        AND gmf_game.END_DT = end_date
    INNER JOIN gmf_player ON gmf_game.GAME_ID = gmf_player.GAME_ID
    INNER JOIN gmf_hole ON gmf_player.PLER_ID = gmf_hole.PLER_ID
        AND (gmf_hole.WRKR_1_ID = worker_id
        OR gmf_hole.WRKR_2_ID = worker_id)
        AND gmf_hole.HOLE_DT >=  start_date 
        AND gmf_hole.HOLE_DT < end_date + 1) AS join_tb;
END ;;
DELIMITER ;
/*!50003 SET sql_mode              = @saved_sql_mode */ ;
/*!50003 SET character_set_client  = @saved_cs_client */ ;
/*!50003 SET character_set_results = @saved_cs_results */ ;
/*!50003 SET collation_connection  = @saved_col_connection */ ;
/*!50003 DROP PROCEDURE IF EXISTS `get_best_game_results_by_day` */;
/*!50003 SET @saved_cs_client      = @@character_set_client */ ;
/*!50003 SET @saved_cs_results     = @@character_set_results */ ;
/*!50003 SET @saved_col_connection = @@collation_connection */ ;
/*!50003 SET character_set_client  = utf8 */ ;
/*!50003 SET character_set_results = utf8 */ ;
/*!50003 SET collation_connection  = utf8_general_ci */ ;
/*!50003 SET @saved_sql_mode       = @@sql_mode */ ;
/*!50003 SET sql_mode              = 'ONLY_FULL_GROUP_BY,STRICT_TRANS_TABLES,NO_ZERO_IN_DATE,NO_ZERO_DATE,ERROR_FOR_DIVISION_BY_ZERO,NO_AUTO_CREATE_USER,NO_ENGINE_SUBSTITUTION' */ ;
DELIMITER ;;
CREATE DEFINER=`root`@`%` PROCEDURE `get_best_game_results_by_day`( in worker_id int, league_name varchar(20), start_date Date, end_date Date, _day varchar(3))
BEGIN
	DECLARE league_id int DEFAULT 0;
SELECT 
    gmf_leag.LEAG_ID
FROM
    gmf_leag
WHERE
    gmf_leag.LEAG_NM = league_name INTO league_id;
    
SELECT 
    join_tb.WK_DY,
    join_tb.HOLE_TP,
    MIN(join_tb.SCRE_NO) AS SCRE_NO
FROM
    (SELECT 
        gmf_hole.HOLE_ID,
            gmf_hole.HOLE_TP,
            gmf_hole.SCRE_NO,
            gmf_hole.WK_DY
    FROM
        gmf_leag
    INNER JOIN gmf_game ON gmf_game.LEAG_ID = league_id
        AND gmf_game.ST_DT = start_date
        AND gmf_game.END_DT = end_date
    INNER JOIN gmf_player ON gmf_game.GAME_ID = gmf_player.GAME_ID
    INNER JOIN gmf_hole ON gmf_player.PLER_ID = gmf_hole.PLER_ID
        AND (gmf_hole.WRKR_1_ID = worker_id
        OR gmf_hole.WRKR_2_ID = worker_id)
        AND gmf_hole.WK_DY = _day
        AND gmf_hole.HOLE_DT >=  start_date 
        AND gmf_hole.HOLE_DT < end_date + 1) AS join_tb
GROUP BY join_tb.HOLE_TP;
END ;;
DELIMITER ;
/*!50003 SET sql_mode              = @saved_sql_mode */ ;
/*!50003 SET character_set_client  = @saved_cs_client */ ;
/*!50003 SET character_set_results = @saved_cs_results */ ;
/*!50003 SET collation_connection  = @saved_col_connection */ ;
/*!50003 DROP PROCEDURE IF EXISTS `get_game_results_new` */;
/*!50003 SET @saved_cs_client      = @@character_set_client */ ;
/*!50003 SET @saved_cs_results     = @@character_set_results */ ;
/*!50003 SET @saved_col_connection = @@collation_connection */ ;
/*!50003 SET character_set_client  = utf8 */ ;
/*!50003 SET character_set_results = utf8 */ ;
/*!50003 SET collation_connection  = utf8_general_ci */ ;
/*!50003 SET @saved_sql_mode       = @@sql_mode */ ;
/*!50003 SET sql_mode              = 'ONLY_FULL_GROUP_BY,STRICT_TRANS_TABLES,NO_ZERO_IN_DATE,NO_ZERO_DATE,ERROR_FOR_DIVISION_BY_ZERO,NO_AUTO_CREATE_USER,NO_ENGINE_SUBSTITUTION' */ ;
DELIMITER ;;
CREATE DEFINER=`root`@`%` PROCEDURE `get_game_results_new`( in worker_id int, league_name varchar(20), start_date Date, end_date Date, _day varchar(3))
BEGIN
	DECLARE league_id int DEFAULT 0;
    SELECT gmf_leag.LEAG_ID from gmf_leag WHERE gmf_leag.LEAG_NM = league_name INTO league_id;
    
	SELECT 
  hol1.HOLE_ID, hol1.HOLE_TP, hol1.SCRE_NO, hol1.WK_DY
 FROM
  gmf_leag
   INNER JOIN
  gmf_game ON league_id = gmf_game.LEAG_ID AND gmf_game.ST_DT = start_date AND gmf_game.END_DT = end_date
   INNER JOIN
  gmf_player ON gmf_game.GAME_ID = gmf_player.GAME_ID
   INNER JOIN
  gmf_hole hol1 ON gmf_player.PLER_ID = hol1.PLER_ID AND (hol1.WRKR_1_ID = worker_id OR hol1.WRKR_2_ID = worker_id)
       AND hol1.HOLE_DT >= start_date AND hol1.HOLE_DT <= end_date + 1  AND hol1.WK_DY = _day
       and hol1.SCRE_NO = (select min(hol2.SCRE_NO) from gmf_hole hol2 where hol2.PLER_ID =hol1.PLER_ID);
END ;;
DELIMITER ;
/*!50003 SET sql_mode              = @saved_sql_mode */ ;
/*!50003 SET character_set_client  = @saved_cs_client */ ;
/*!50003 SET character_set_results = @saved_cs_results */ ;
/*!50003 SET collation_connection  = @saved_col_connection */ ;
/*!50003 DROP PROCEDURE IF EXISTS `get_hole_results` */;
/*!50003 SET @saved_cs_client      = @@character_set_client */ ;
/*!50003 SET @saved_cs_results     = @@character_set_results */ ;
/*!50003 SET @saved_col_connection = @@collation_connection */ ;
/*!50003 SET character_set_client  = utf8 */ ;
/*!50003 SET character_set_results = utf8 */ ;
/*!50003 SET collation_connection  = utf8_general_ci */ ;
/*!50003 SET @saved_sql_mode       = @@sql_mode */ ;
/*!50003 SET sql_mode              = 'ONLY_FULL_GROUP_BY,STRICT_TRANS_TABLES,NO_ZERO_IN_DATE,NO_ZERO_DATE,ERROR_FOR_DIVISION_BY_ZERO,NO_AUTO_CREATE_USER,NO_ENGINE_SUBSTITUTION' */ ;
DELIMITER ;;
CREATE DEFINER=`root`@`%` PROCEDURE `get_hole_results`( in worker_id int, league_name varchar(20), start_date Date, end_date Date)
BEGIN
	DECLARE league_id int DEFAULT 0;
    SELECT gmf_leag.LEAG_ID from gmf_leag WHERE gmf_leag.LEAG_NM = league_name INTO league_id;
    
	SELECT 
		gmf_hole.HOLE_ID, gmf_hole.PLER_ID, gmf_hole.HOLE_TP, gmf_hole.HOLE_DT,  gmf_hole.WK_DY, gmf_hole.GRP_TP,
        gmf_hole.WRKR_1_ID, gmf_hole.WRKR_2_ID, gmf_hole.SCRE_NO
	FROM
		gmf_leag
			INNER JOIN
		gmf_game ON league_id = gmf_game.LEAG_ID AND gmf_game.ST_DT = start_date AND gmf_game.END_DT = end_date
			INNER JOIN
		gmf_player ON gmf_game.GAME_ID = gmf_player.GAME_ID
			INNER JOIN
		gmf_hole ON gmf_player.PLER_ID = gmf_hole.PLER_ID AND (gmf_hole.WRKR_1_ID = worker_id OR gmf_hole.WRKR_2_ID = worker_id)
        AND gmf_hole.HOLE_DT >=  start_date 
        AND gmf_hole.HOLE_DT < end_date + 1 ;
END ;;
DELIMITER ;
/*!50003 SET sql_mode              = @saved_sql_mode */ ;
/*!50003 SET character_set_client  = @saved_cs_client */ ;
/*!50003 SET character_set_results = @saved_cs_results */ ;
/*!50003 SET collation_connection  = @saved_col_connection */ ;

--
-- Final view structure for view `gmf_cfd_view`
--

/*!50001 DROP VIEW IF EXISTS `gmf_cfd_view`*/;
/*!50001 SET @saved_cs_client          = @@character_set_client */;
/*!50001 SET @saved_cs_results         = @@character_set_results */;
/*!50001 SET @saved_col_connection     = @@collation_connection */;
/*!50001 SET character_set_client      = utf8 */;
/*!50001 SET character_set_results     = utf8 */;
/*!50001 SET collation_connection      = utf8_general_ci */;
/*!50001 CREATE ALGORITHM=UNDEFINED */
/*!50013 DEFINER=`golf_user`@`%` SQL SECURITY DEFINER */
/*!50001 VIEW `gmf_cfd_view` AS select any_value(`cfd`.`id`) AS `ID`,any_value(`cfd`.`CFD_ID`) AS `CFD_ID`,`cfd`.`CFD_NM` AS `CFD_NM`,any_value(`cfd`.`PROC_TP_NM`) AS `PROC_TP_NM`,concat(left(any_value(`cfd`.`ST_DT`),10),' ~ ',left(any_value(`cfd`.`END_DT`),10)) AS `PERIOD`,left(any_value(`cfd`.`ST_DT`),10) AS `ST_DT`,left(any_value(`cfd`.`END_DT`),10) AS `END_DT` from `gmf_cumlt_freq_distr` `cfd` group by `cfd`.`CFD_NM` */;
/*!50001 SET character_set_client      = @saved_cs_client */;
/*!50001 SET character_set_results     = @saved_cs_results */;
/*!50001 SET collation_connection      = @saved_col_connection */;

--
-- Final view structure for view `gmf_game_reg_view`
--

/*!50001 DROP VIEW IF EXISTS `gmf_game_reg_view`*/;
/*!50001 SET @saved_cs_client          = @@character_set_client */;
/*!50001 SET @saved_cs_results         = @@character_set_results */;
/*!50001 SET @saved_col_connection     = @@collation_connection */;
/*!50001 SET character_set_client      = utf8 */;
/*!50001 SET character_set_results     = utf8 */;
/*!50001 SET collation_connection      = utf8_general_ci */;
/*!50001 CREATE ALGORITHM=UNDEFINED */
/*!50013 DEFINER=`golf_user`@`%` SQL SECURITY DEFINER */
/*!50001 VIEW `gmf_game_reg_view` AS select 1 AS `ID`,1 AS `TEAM_NM`,1 AS `PLER_GRP_NM`,1 AS `WRKR_NM` */;
/*!50001 SET character_set_client      = @saved_cs_client */;
/*!50001 SET character_set_results     = @saved_cs_results */;
/*!50001 SET collation_connection      = @saved_col_connection */;
/*!40103 SET TIME_ZONE=@OLD_TIME_ZONE */;

/*!40101 SET SQL_MODE=@OLD_SQL_MODE */;
/*!40014 SET FOREIGN_KEY_CHECKS=@OLD_FOREIGN_KEY_CHECKS */;
/*!40014 SET UNIQUE_CHECKS=@OLD_UNIQUE_CHECKS */;
/*!40101 SET CHARACTER_SET_CLIENT=@OLD_CHARACTER_SET_CLIENT */;
/*!40101 SET CHARACTER_SET_RESULTS=@OLD_CHARACTER_SET_RESULTS */;
/*!40101 SET COLLATION_CONNECTION=@OLD_COLLATION_CONNECTION */;
/*!40111 SET SQL_NOTES=@OLD_SQL_NOTES */;

-- Dump completed on 2017-12-04 17:02:47
